{"stats":{"minecraft:picked_up":{"minecraft:crafting_table":16,"minecraft:azure_bluet":1,"minecraft:chicken":11,"minecraft:potion":1,"minecraft:gold_block":2,"minecraft:enchanted_book":1,"minecraft:cornflower":1,"minecraft:string":3,"minecraft:soul_soil":9,"minecraft:raw_copper":16,"minecraft:shroomlight":7,"minecraft:oak_sign":2,"minecraft:beetroot":1,"minecraft:gold_nugget":36,"minecraft:cobbled_deepslate":764,"minecraft:bucket":1,"minecraft:beef":40,"minecraft:oak_boat":4,"minecraft:calcite":64,"minecraft:poppy":2,"minecraft:light_gray_wool":1,"minecraft:sugar_cane":80,"minecraft:chest":2,"minecraft:furnace":4,"minecraft:egg":5,"minecraft:stick":1,"minecraft:raw_iron":244,"minecraft:oak_door":4,"minecraft:torch":20,"minecraft:fire_charge":1,"minecraft:porkchop":18,"minecraft:diorite":39,"minecraft:carrot":4,"minecraft:redstone":232,"minecraft:arrow":31,"minecraft:weeping_vines":2,"minecraft:rotten_flesh":39,"minecraft:beetroot_seeds":3,"minecraft:peony":5,"minecraft:obsidian":15,"minecraft:mutton":48,"minecraft:bone_block":70,"minecraft:crimson_slab":2,"minecraft:white_wool":32,"minecraft:cobblestone":765,"minecraft:magma_block":106,"minecraft:basalt":3,"minecraft:feather":13,"minecraft:cooked_beef":2,"minecraft:crimson_stem":80,"minecraft:andesite":22,"minecraft:brown_wool":1,"minecraft:leather":17,"minecraft:potato":11,"minecraft:flint":37,"minecraft:crimson_fungus":1,"minecraft:tuff":133,"minecraft:oak_log":243,"minecraft:nether_wart_block":6,"minecraft:lapis_lazuli":188,"minecraft:dirt":190,"minecraft:bone":28,"minecraft:bow":1,"minecraft:wheat_seeds":26,"minecraft:raw_gold":79,"minecraft:oak_planks":61,"minecraft:soul_sand":16,"minecraft:smooth_basalt":14,"minecraft:quartz":201,"minecraft:dandelion":2,"minecraft:gravel":342,"minecraft:sand":19,"minecraft:amethyst_shard":16,"minecraft:blast_furnace":5,"minecraft:white_bed":4,"minecraft:mossy_cobblestone":13,"minecraft:diamond":50,"minecraft:deepslate":25,"minecraft:granite":6,"minecraft:netherrack":235,"minecraft:coal":358,"minecraft:sunflower":4,"minecraft:crimson_roots":10,"minecraft:ender_pearl":4},"minecraft:killed":{"minecraft:spider":5,"minecraft:skeleton":25,"minecraft:chicken":11,"minecraft:magma_cube":4,"minecraft:piglin":1,"minecraft:pig":8,"minecraft:iron_golem":1,"minecraft:creeper":1,"minecraft:sheep":35,"minecraft:zombie":41,"minecraft:cow":20,"minecraft:enderman":1},"minecraft:broken":{"minecraft:iron_shovel":2,"minecraft:stone_pickaxe":1,"minecraft:diamond_pickaxe":1,"minecraft:iron_axe":1,"minecraft:iron_sword":1,"minecraft:iron_pickaxe":5},"minecraft:custom":{"minecraft:mob_kills":154,"minecraft:interact_with_crafting_table":101,"minecraft:open_barrel":4,"minecraft:leave_game":5,"minecraft:time_since_death":436734,"minecraft:climb_one_cm":7906,"minecraft:sprint_one_cm":937520,"minecraft:walk_one_cm":966615,"minecraft:damage_blocked_by_shield":2060,"minecraft:drop":53,"minecraft:talked_to_villager":38,"minecraft:play_time":436734,"minecraft:sneak_time":40634,"minecraft:walk_under_water_one_cm":34142,"minecraft:boat_one_cm":326867,"minecraft:jump":6342,"minecraft:interact_with_blast_furnace":41,"minecraft:walk_on_water_one_cm":38607,"minecraft:enchant_item":3,"minecraft:total_world_time":436734,"minecraft:interact_with_furnace":111,"minecraft:traded_with_villager":54,"minecraft:sleep_in_bed":8,"minecraft:time_since_rest":86438,"minecraft:damage_taken":3575,"minecraft:damage_dealt":20274,"minecraft:swim_one_cm":12284,"minecraft:fly_one_cm":1054466,"minecraft:open_chest":157,"minecraft:crouch_one_cm":115848,"minecraft:fall_one_cm":169352},"minecraft:crafted":{"minecraft:oak_door":6,"minecraft:smooth_stone":8,"minecraft:oak_planks":972,"minecraft:oak_sign":3,"minecraft:cooked_chicken":9,"minecraft:furnace":6,"minecraft:blast_furnace":2,"minecraft:stone":79,"minecraft:bookshelf":16,"minecraft:cooked_mutton":64,"minecraft:flint_and_steel":1,"minecraft:iron_boots":1,"minecraft:polished_deepslate":44,"minecraft:iron_axe":2,"minecraft:ladder":30,"minecraft:iron_hoe":1,"minecraft:stone_pickaxe":1,"minecraft:chest":8,"minecraft:oak_button":16,"minecraft:cooked_beef":77,"minecraft:red_dye":1,"minecraft:crimson_planks":128,"minecraft:oak_slab":6,"minecraft:emerald":48,"minecraft:cooked_porkchop":33,"minecraft:crafting_table":7,"minecraft:enchanting_table":1,"minecraft:wooden_pickaxe":1,"minecraft:iron_helmet":1,"minecraft:crimson_slab":132,"minecraft:iron_sword":2,"minecraft:fletching_table":1,"minecraft:bucket":2,"minecraft:stone_axe":1,"minecraft:orange_dye":2,"minecraft:air":0,"minecraft:blue_dye":2,"minecraft:oak_boat":2,"minecraft:lectern":1,"minecraft:book":26,"minecraft:iron_chestplate":1,"minecraft:paper":51,"minecraft:golden_leggings":1,"minecraft:diamond_pickaxe":4,"minecraft:yellow_dye":10,"minecraft:shield":1,"minecraft:stick":1620,"minecraft:stone_slab":6,"minecraft:iron_ingot":179,"minecraft:iron_pickaxe":6,"minecraft:stone_sword":1,"minecraft:iron_shovel":3,"minecraft:gold_ingot":80,"minecraft:iron_leggings":1,"minecraft:light_gray_dye":1,"minecraft:white_bed":4,"minecraft:torch":252},"minecraft:used":{"minecraft:orange_dye":1,"minecraft:light_gray_dye":1,"minecraft:stone_sword":15,"minecraft:enchanting_table":1,"minecraft:iron_shovel":620,"minecraft:polished_deepslate":44,"minecraft:flint_and_steel":1,"minecraft:ladder":27,"minecraft:oak_sign":3,"minecraft:chest":10,"minecraft:shield":46,"minecraft:stone":61,"minecraft:iron_sword":326,"minecraft:cooked_chicken":9,"minecraft:netherrack":207,"minecraft:oak_door":6,"minecraft:torch":263,"minecraft:dirt":69,"minecraft:carrot":1,"minecraft:tuff":13,"minecraft:granite":1,"minecraft:obsidian":10,"minecraft:iron_hoe":94,"minecraft:lava_bucket":2,"minecraft:bookshelf":15,"minecraft:iron_axe":435,"minecraft:crimson_slab":38,"minecraft:barrel":1,"minecraft:beef":1,"minecraft:furnace":7,"minecraft:potato":42,"minecraft:cooked_beef":15,"minecraft:cobbled_deepslate":190,"minecraft:cooked_mutton":27,"minecraft:water_bucket":53,"minecraft:diorite":21,"minecraft:oak_planks":2,"minecraft:stone_pickaxe":131,"minecraft:wooden_pickaxe":8,"minecraft:sugar_cane":29,"minecraft:blue_dye":1,"minecraft:crafting_table":20,"minecraft:blast_furnace":6,"minecraft:white_bed":6,"minecraft:diamond_pickaxe":1722,"minecraft:iron_pickaxe":1304,"minecraft:deepslate":8,"minecraft:gravel":297,"minecraft:stone_axe":45,"minecraft:cobblestone":410,"minecraft:cooked_porkchop":16,"minecraft:andesite":4,"minecraft:bucket":57,"minecraft:oak_boat":6},"minecraft:mined":{"minecraft:nether_gold_ore":8,"minecraft:tuff":95,"minecraft:white_bed":4,"minecraft:mossy_cobblestone":12,"minecraft:deepslate_diamond_ore":26,"minecraft:obsidian":15,"minecraft:glow_lichen":2,"minecraft:granite":3,"minecraft:budding_amethyst":2,"minecraft:grass_block":27,"minecraft:crimson_roots":2,"minecraft:soul_soil":10,"minecraft:sandstone":14,"minecraft:oak_wall_sign":2,"minecraft:crimson_stem":85,"minecraft:weeping_vines_plant":2,"minecraft:redstone_ore":17,"minecraft:magma_block":114,"minecraft:furnace":4,"minecraft:carrots":4,"minecraft:iron_ore":131,"minecraft:cobbled_deepslate":20,"minecraft:andesite":43,"minecraft:deepslate_lapis_ore":13,"minecraft:peony":5,"minecraft:azure_bluet":1,"minecraft:gold_block":2,"minecraft:potatoes":6,"minecraft:shroomlight":7,"minecraft:deepslate_iron_ore":34,"minecraft:stone":640,"minecraft:bone_block":71,"minecraft:deepslate_redstone_ore":28,"minecraft:glass_pane":10,"minecraft:soul_sand":6,"minecraft:soul_fire":1,"minecraft:crimson_nylium":105,"minecraft:amethyst_cluster":4,"minecraft:basalt":3,"minecraft:dandelion":2,"minecraft:cornflower":1,"minecraft:crafting_table":15,"minecraft:torch":5,"minecraft:blast_furnace":4,"minecraft:poppy":1,"minecraft:calcite":73,"minecraft:chest":2,"minecraft:crimson_slab":2,"minecraft:nether_quartz_ore":201,"minecraft:copper_ore":8,"minecraft:tall_grass":25,"minecraft:cobblestone":152,"minecraft:deepslate_gold_ore":54,"minecraft:lapis_ore":15,"minecraft:oak_planks":53,"minecraft:sugar_cane":39,"minecraft:diorite":58,"minecraft:wall_torch":4,"minecraft:amethyst_block":7,"minecraft:nether_wart_block":7,"minecraft:wheat":6,"minecraft:birch_leaves":3,"minecraft:grass":165,"minecraft:coal_ore":218,"minecraft:oak_log":245,"minecraft:beetroots":1,"minecraft:gravel":393,"minecraft:sunflower":5,"minecraft:dirt":176,"minecraft:sand":36,"minecraft:smooth_basalt":14,"minecraft:netherrack":145,"minecraft:gold_ore":9,"minecraft:deepslate":772,"minecraft:oak_leaves":13},"minecraft:dropped":{"minecraft:iron_ingot":47,"minecraft:tnt":1,"minecraft:crafting_table":2,"minecraft:feather":4,"minecraft:granite":4,"minecraft:fletching_table":1,"minecraft:flint":1,"minecraft:dirt":1,"minecraft:sand":4,"minecraft:iron_pickaxe":1,"minecraft:string":2,"minecraft:bucket":1,"minecraft:smooth_basalt":3,"minecraft:gold_ingot":7,"minecraft:oak_door":2,"minecraft:gravel":6,"minecraft:furnace":1,"minecraft:stone_axe":1,"minecraft:stone_sword":1,"minecraft:tuff":1,"minecraft:raw_iron":48,"minecraft:rotten_flesh":28,"minecraft:oak_planks":26,"minecraft:stone_slab":6,"minecraft:filled_map":2,"minecraft:crimson_slab":2,"minecraft:diamond_pickaxe":1,"minecraft:arrow":9,"minecraft:wooden_pickaxe":1,"minecraft:lectern":1,"minecraft:egg":1}},"DataVersion":3465}