{"stats":{"minecraft:used":{"minecraft:orange_dye":1,"minecraft:light_gray_dye":1,"minecraft:iron_shovel":1260,"minecraft:polished_deepslate":65,"minecraft:chiseled_deepslate":18,"minecraft:spruce_slab":76,"minecraft:ladder":27,"minecraft:oak_sign":3,"minecraft:chest":60,"minecraft:shield":71,"minecraft:iron_sword":576,"minecraft:stone":100,"minecraft:iron_chestplate":1,"minecraft:carrot":1,"minecraft:tuff":21,"minecraft:obsidian":62,"minecraft:lava_bucket":2,"minecraft:coal_ore":65,"minecraft:lantern":8,"minecraft:grass_block":8,"minecraft:golden_sword":26,"minecraft:deepslate_diamond_ore":24,"minecraft:dark_oak_boat":4,"minecraft:furnace":9,"minecraft:potato":175,"minecraft:diorite":21,"minecraft:stone_pickaxe":131,"minecraft:oak_planks":4,"minecraft:wooden_pickaxe":8,"minecraft:sugar_cane":77,"minecraft:diamond_axe":127,"minecraft:blue_dye":1,"minecraft:sand":5,"minecraft:blast_furnace":7,"minecraft:deepslate_lapis_ore":10,"minecraft:deepslate_tiles":153,"minecraft:deepslate_iron_ore":13,"minecraft:deepslate":18,"minecraft:gravel":318,"minecraft:nether_wart_block":4,"minecraft:andesite":4,"minecraft:oak_boat":9,"minecraft:bone_meal":17,"minecraft:enchanting_table":2,"minecraft:stone_sword":15,"minecraft:flint_and_steel":6,"minecraft:spruce_planks":89,"minecraft:deepslate_gold_ore":34,"minecraft:cooked_chicken":9,"minecraft:netherrack":345,"minecraft:oak_door":8,"minecraft:torch":525,"minecraft:dirt":656,"minecraft:anvil":1,"minecraft:granite":1,"minecraft:shroomlight":4,"minecraft:iron_hoe":94,"minecraft:bookshelf":34,"minecraft:iron_axe":877,"minecraft:crimson_slab":38,"minecraft:crimson_planks":25,"minecraft:barrel":2,"minecraft:bamboo":5,"minecraft:beef":1,"minecraft:cooked_beef":79,"minecraft:cobbled_deepslate":620,"minecraft:quartz_bricks":54,"minecraft:cooked_mutton":31,"minecraft:water_bucket":183,"minecraft:birch_planks":12,"minecraft:stonecutter":1,"minecraft:oak_slab":12,"minecraft:crafting_table":27,"minecraft:birch_sign":11,"minecraft:white_bed":8,"minecraft:spruce_log":62,"minecraft:dark_oak_door":5,"minecraft:diamond_pickaxe":6320,"minecraft:diamond_shovel":365,"minecraft:iron_pickaxe":2747,"minecraft:spruce_sapling":13,"minecraft:stone_axe":45,"minecraft:cobblestone":1177,"minecraft:cooked_porkchop":16,"minecraft:bucket":189},"minecraft:crafted":{"minecraft:oak_planks":1156,"minecraft:smooth_stone":8,"minecraft:oak_sign":3,"minecraft:dark_oak_boat":1,"minecraft:quartz_bricks":68,"minecraft:cooked_chicken":9,"minecraft:stone":183,"minecraft:diamond_shovel":1,"minecraft:bookshelf":20,"minecraft:cooked_mutton":64,"minecraft:dark_oak_door":3,"minecraft:quartz_block":71,"minecraft:iron_boots":8,"minecraft:chest":32,"minecraft:oak_button":16,"minecraft:oak_slab":18,"minecraft:emerald":113,"minecraft:cooked_porkchop":33,"minecraft:diamond_axe":1,"minecraft:crafting_table":13,"minecraft:spruce_planks":372,"minecraft:iron_helmet":2,"minecraft:wooden_pickaxe":1,"minecraft:baked_potato":128,"minecraft:fletching_table":1,"minecraft:birch_planks":156,"minecraft:lectern":1,"minecraft:iron_chestplate":2,"minecraft:book":26,"minecraft:diamond_pickaxe":9,"minecraft:paper":249,"minecraft:golden_leggings":1,"minecraft:yellow_dye":10,"minecraft:shield":2,"minecraft:stick":2652,"minecraft:stone_slab":6,"minecraft:iron_ingot":302,"minecraft:iron_pickaxe":13,"minecraft:iron_block":3,"minecraft:stone_sword":1,"minecraft:gold_ingot":204,"minecraft:light_gray_dye":1,"minecraft:oak_door":6,"minecraft:furnace":8,"minecraft:blast_furnace":2,"minecraft:bone_meal":54,"minecraft:flint_and_steel":1,"minecraft:lantern":21,"minecraft:polished_deepslate":44,"minecraft:iron_axe":5,"minecraft:ladder":66,"minecraft:iron_hoe":1,"minecraft:spruce_slab":72,"minecraft:stone_pickaxe":1,"minecraft:diamond_boots":1,"minecraft:dark_oak_planks":16,"minecraft:chainmail_leggings":4,"minecraft:birch_sign":12,"minecraft:cooked_beef":77,"minecraft:red_dye":1,"minecraft:crimson_planks":320,"minecraft:enchanting_table":1,"minecraft:crimson_slab":132,"minecraft:iron_sword":3,"minecraft:bucket":3,"minecraft:stone_axe":1,"minecraft:orange_dye":2,"minecraft:air":0,"minecraft:blue_dye":2,"minecraft:oak_boat":2,"minecraft:iron_shovel":5,"minecraft:iron_leggings":1,"minecraft:anvil":1,"minecraft:stonecutter":1,"minecraft:white_bed":4,"minecraft:torch":556,"minecraft:diamond_chestplate":1},"minecraft:custom":{"minecraft:interact_with_crafting_table":166,"minecraft:open_barrel":23,"minecraft:leave_game":12,"minecraft:time_since_death":3028,"minecraft:sprint_one_cm":1962306,"minecraft:damage_blocked_by_shield":3070,"minecraft:drop":130,"minecraft:talked_to_villager":145,"minecraft:play_time":961725,"minecraft:deaths":1,"minecraft:jump":10798,"minecraft:walk_on_water_one_cm":81484,"minecraft:enchant_item":9,"minecraft:interact_with_furnace":150,"minecraft:traded_with_villager":154,"minecraft:sleep_in_bed":16,"minecraft:damage_dealt":33935,"minecraft:crouch_one_cm":303286,"minecraft:interact_with_anvil":9,"minecraft:mob_kills":280,"minecraft:climb_one_cm":35407,"minecraft:walk_one_cm":2169743,"minecraft:sneak_time":98671,"minecraft:walk_under_water_one_cm":82947,"minecraft:boat_one_cm":547278,"minecraft:interact_with_blast_furnace":87,"minecraft:total_world_time":961725,"minecraft:interact_with_stonecutter":6,"minecraft:time_since_rest":3108,"minecraft:damage_taken":8258,"minecraft:swim_one_cm":33506,"minecraft:fly_one_cm":1997064,"minecraft:open_chest":760,"minecraft:fall_one_cm":268609},"minecraft:mined":{"minecraft:spruce_planks":2,"minecraft:white_bed":5,"minecraft:brewing_stand":1,"minecraft:obsidian":85,"minecraft:cave_vines_plant":4,"minecraft:granite":11,"minecraft:budding_amethyst":2,"minecraft:grass_block":479,"minecraft:soul_soil":10,"minecraft:oak_wall_sign":2,"minecraft:weeping_vines_plant":3,"minecraft:magma_block":114,"minecraft:iron_ore":149,"minecraft:barrel":1,"minecraft:cobbled_deepslate":50,"minecraft:fire":28,"minecraft:deepslate_lapis_ore":35,"minecraft:azure_bluet":1,"minecraft:enchanting_table":1,"minecraft:cave_vines":4,"minecraft:dirt_path":2,"minecraft:azalea":7,"minecraft:spruce_slab":5,"minecraft:deepslate_redstone_ore":97,"minecraft:crimson_nylium":112,"minecraft:soul_fire":1,"minecraft:amethyst_cluster":4,"minecraft:clay":11,"minecraft:torch":21,"minecraft:blast_furnace":4,"minecraft:calcite":73,"minecraft:poppy":1,"minecraft:chest":28,"minecraft:nether_quartz_ore":269,"minecraft:cobblestone":379,"minecraft:oak_planks":55,"minecraft:sugar_cane":208,"minecraft:wall_torch":15,"minecraft:amethyst_block":9,"minecraft:dark_oak_door":1,"minecraft:nether_wart_block":11,"minecraft:birch_log":85,"minecraft:wheat":6,"minecraft:grass":218,"minecraft:oak_log":395,"minecraft:beetroots":1,"minecraft:sand":397,"minecraft:dirt":303,"minecraft:smooth_basalt":14,"minecraft:netherrack":1626,"minecraft:deepslate":2460,"minecraft:oak_leaves":52,"minecraft:nether_gold_ore":8,"minecraft:deepslate_tiles":4,"minecraft:tuff":254,"minecraft:mossy_cobblestone":12,"minecraft:deepslate_diamond_ore":54,"minecraft:oak_door":1,"minecraft:dark_oak_log":8,"minecraft:glow_lichen":2,"minecraft:crimson_roots":2,"minecraft:spruce_leaves":67,"minecraft:sandstone":14,"minecraft:crimson_stem":85,"minecraft:spore_blossom":1,"minecraft:redstone_ore":17,"minecraft:furnace":4,"minecraft:carrots":4,"minecraft:andesite":50,"minecraft:chiseled_deepslate":4,"minecraft:peony":5,"minecraft:gold_block":2,"minecraft:polished_deepslate":31,"minecraft:bookshelf":19,"minecraft:potatoes":100,"minecraft:shroomlight":7,"minecraft:deepslate_iron_ore":77,"minecraft:stone":2326,"minecraft:bone_block":71,"minecraft:podzol":1,"minecraft:flowering_azalea":6,"minecraft:glass_pane":10,"minecraft:soul_sand":9,"minecraft:basalt":3,"minecraft:dandelion":2,"minecraft:crafting_table":17,"minecraft:cornflower":1,"minecraft:crimson_slab":34,"minecraft:copper_ore":12,"minecraft:tall_grass":29,"minecraft:quartz_bricks":2,"minecraft:lapis_ore":20,"minecraft:deepslate_gold_ore":101,"minecraft:diorite":67,"minecraft:big_dripleaf":1,"minecraft:spruce_log":199,"minecraft:birch_leaves":3,"minecraft:coal_ore":406,"minecraft:sunflower":5,"minecraft:gravel":477,"minecraft:cobweb":5,"minecraft:gold_ore":9},"minecraft:dropped":{"minecraft:iron_sword":1,"minecraft:lapis_lazuli":256,"minecraft:crafting_table":2,"minecraft:cooked_porkchop":17,"minecraft:fletching_table":2,"minecraft:flint":4,"minecraft:dirt":1,"minecraft:gold_nugget":1,"minecraft:sand":4,"minecraft:iron_pickaxe":3,"minecraft:gold_ingot":7,"minecraft:gravel":23,"minecraft:oak_door":2,"minecraft:stone_axe":1,"minecraft:iron_nugget":4,"minecraft:rotten_flesh":29,"minecraft:oak_planks":81,"minecraft:diamond_shovel":1,"minecraft:cooked_mutton":28,"minecraft:carrot":15,"minecraft:gunpowder":2,"minecraft:chest":2,"minecraft:ladder":36,"minecraft:spruce_slab":1,"minecraft:arrow":9,"minecraft:glass":48,"minecraft:netherrack":43,"minecraft:lectern":4,"minecraft:egg":1,"minecraft:water_bucket":3,"minecraft:iron_ingot":89,"minecraft:bread":13,"minecraft:oak_slab":8,"minecraft:wheat_seeds":4,"minecraft:tnt":1,"minecraft:mossy_cobblestone":1,"minecraft:iron_helmet":1,"minecraft:feather":4,"minecraft:cobblestone":1,"minecraft:granite":4,"minecraft:yellow_carpet":2,"minecraft:torch":13,"minecraft:heart_of_the_sea":1,"minecraft:iron_axe":2,"minecraft:chainmail_leggings":1,"minecraft:paper":12,"minecraft:string":2,"minecraft:bucket":1,"minecraft:dandelion":2,"minecraft:smooth_basalt":3,"minecraft:furnace":1,"minecraft:stone_sword":1,"minecraft:deepslate":1,"minecraft:tuff":7,"minecraft:raw_iron":48,"minecraft:iron_boots":2,"minecraft:stone_slab":6,"minecraft:filled_map":5,"minecraft:potato":5,"minecraft:shield":1,"minecraft:crimson_slab":2,"minecraft:diamond_pickaxe":3,"minecraft:iron_chestplate":1,"minecraft:oak_sapling":14,"minecraft:golden_sword":2,"minecraft:spruce_log":44,"minecraft:bow":1,"minecraft:wooden_pickaxe":1},"minecraft:killed_by":{"minecraft:player":1},"minecraft:killed":{"minecraft:cave_spider":1,"minecraft:zombified_piglin":1,"minecraft:spider":9,"minecraft:skeleton":41,"minecraft:chicken":11,"minecraft:magma_cube":4,"minecraft:piglin":2,"minecraft:pig":8,"minecraft:iron_golem":1,"minecraft:creeper":3,"minecraft:sheep":35,"minecraft:zombie":110,"minecraft:cow":20,"minecraft:blaze":20,"minecraft:bat":1,"minecraft:hoglin":1,"minecraft:enderman":2},"minecraft:broken":{"minecraft:iron_shovel":5,"minecraft:iron_chestplate":1,"minecraft:stone_pickaxe":1,"minecraft:diamond_pickaxe":1,"minecraft:iron_sword":2,"minecraft:iron_axe":3,"minecraft:iron_pickaxe":10,"minecraft:iron_helmet":1},"minecraft:picked_up":{"minecraft:chiseled_deepslate":4,"minecraft:wheat":3,"minecraft:suspicious_stew":1,"minecraft:potion":4,"minecraft:enchanted_book":3,"minecraft:brewing_stand":1,"minecraft:golden_sword":3,"minecraft:polished_deepslate":31,"minecraft:music_disc_cat":2,"minecraft:string":64,"minecraft:soul_soil":9,"minecraft:raw_copper":26,"minecraft:deepslate_lapis_ore":1,"minecraft:shroomlight":7,"minecraft:oak_sign":4,"minecraft:beetroot":1,"minecraft:activator_rail":3,"minecraft:deepslate_tiles":4,"minecraft:gold_nugget":73,"minecraft:cobbled_deepslate":2335,"minecraft:bucket":1,"minecraft:spruce_planks":2,"minecraft:calcite":64,"minecraft:azalea":14,"minecraft:furnace":4,"minecraft:iron_boots":1,"minecraft:dark_oak_door":2,"minecraft:stick":16,"minecraft:big_dripleaf":2,"minecraft:oak_fence":6,"minecraft:torch":97,"minecraft:porkchop":26,"minecraft:diorite":45,"minecraft:rotten_flesh":423,"minecraft:blue_dye":1,"minecraft:bookshelf":19,"minecraft:blaze_rod":10,"minecraft:obsidian":86,"minecraft:cobblestone":2663,"minecraft:birch_log":85,"minecraft:enchanting_table":1,"minecraft:magma_block":106,"minecraft:feather":28,"minecraft:cooked_beef":2,"minecraft:water_bucket":2,"minecraft:andesite":29,"minecraft:dark_oak_boat":3,"minecraft:brown_wool":1,"minecraft:golden_leggings":1,"minecraft:potato":550,"minecraft:flint":53,"minecraft:tuff":290,"minecraft:map":5,"minecraft:lapis_lazuli":1146,"minecraft:dirt":750,"minecraft:name_tag":5,"minecraft:bone":117,"minecraft:bow":4,"minecraft:wheat_seeds":72,"minecraft:raw_gold":185,"minecraft:powered_rail":7,"minecraft:moss_block":17,"minecraft:oak_planks":67,"minecraft:ghast_tear":1,"minecraft:music_disc_13":2,"minecraft:poisonous_potato":4,"minecraft:sand":366,"minecraft:grass_block":8,"minecraft:dark_oak_log":8,"minecraft:barrel":1,"minecraft:mossy_cobblestone":13,"minecraft:quartz_bricks":2,"minecraft:iron_hoe":1,"minecraft:diamond":118,"minecraft:deepslate":39,"minecraft:granite":14,"minecraft:golden_apple":1,"minecraft:golden_horse_armor":1,"minecraft:bread":37,"minecraft:oak_sapling":18,"minecraft:netherrack":1643,"minecraft:crimson_roots":10,"minecraft:diamond_pickaxe":6,"minecraft:crafting_table":18,"minecraft:azure_bluet":1,"minecraft:chicken":14,"minecraft:clay_ball":178,"minecraft:chest_minecart":2,"minecraft:gold_block":2,"minecraft:diamond_horse_armor":1,"minecraft:shield":1,"minecraft:cornflower":1,"minecraft:compass":2,"minecraft:detector_rail":1,"minecraft:beef":40,"minecraft:oak_boat":6,"minecraft:iron_nugget":13,"minecraft:poppy":3,"minecraft:light_gray_wool":1,"minecraft:spruce_slab":9,"minecraft:sugar_cane":360,"minecraft:chest":30,"minecraft:egg":10,"minecraft:raw_iron":365,"minecraft:orange_dye":1,"minecraft:stone":1,"minecraft:oak_door":7,"minecraft:fire_charge":2,"minecraft:carrot":28,"minecraft:redstone":487,"minecraft:iron_horse_armor":2,"minecraft:prismarine_crystals":5,"minecraft:arrow":74,"minecraft:weeping_vines":2,"minecraft:beetroot_seeds":19,"minecraft:peony":5,"minecraft:saddle":2,"minecraft:glow_berries":26,"minecraft:mutton":48,"minecraft:bone_block":70,"minecraft:rail":16,"minecraft:white_wool":52,"minecraft:crimson_slab":34,"minecraft:basalt":3,"minecraft:crimson_stem":80,"minecraft:leather":36,"minecraft:yellow_dye":9,"minecraft:filled_map":1,"minecraft:crimson_fungus":1,"minecraft:oak_log":393,"minecraft:nether_wart_block":11,"minecraft:gunpowder":26,"minecraft:paper":35,"minecraft:coast_armor_trim_smithing_template":2,"minecraft:apple":14,"minecraft:spore_blossom":2,"minecraft:heart_of_the_sea":2,"minecraft:iron_ingot":20,"minecraft:flowering_azalea":12,"minecraft:soul_sand":19,"minecraft:smooth_basalt":14,"minecraft:quartz":284,"minecraft:dandelion":2,"minecraft:gravel":384,"minecraft:amethyst_shard":32,"minecraft:spruce_sapling":16,"minecraft:blast_furnace":5,"minecraft:white_bed":7,"minecraft:spruce_log":243,"minecraft:spider_eye":2,"minecraft:diamond_shovel":1,"minecraft:pumpkin_seeds":11,"minecraft:coal_ore":65,"minecraft:coal":819,"minecraft:sunflower":4,"minecraft:ender_pearl":8}},"DataVersion":3465}