{"stats":{"minecraft:used":{"minecraft:moss_block":13,"minecraft:iron_shovel":349,"minecraft:spruce_slab":7,"minecraft:bone_block":6,"minecraft:chest":16,"minecraft:shield":16,"minecraft:white_terracotta":2,"minecraft:iron_sword":40,"minecraft:stone":9,"minecraft:nether_bricks":35,"minecraft:carrot":202,"minecraft:tuff":9,"minecraft:obsidian":20,"minecraft:stripped_spruce_log":14,"minecraft:big_dripleaf":1,"minecraft:coal_ore":22,"minecraft:grass_block":3,"minecraft:hopper_minecart":3,"minecraft:stone_bricks":174,"minecraft:item_frame":1,"minecraft:deepslate_diamond_ore":28,"minecraft:bow":88,"minecraft:furnace":4,"minecraft:gray_bed":2,"minecraft:egg":1,"minecraft:golden_boots":1,"minecraft:diamond_boots":1,"minecraft:powered_rail":10,"minecraft:dark_oak_sign":3,"minecraft:oak_planks":457,"minecraft:blackstone":88,"minecraft:composter":1,"minecraft:redstone_block":4,"minecraft:sugar_cane":15,"minecraft:diamond_axe":2258,"minecraft:glow_berries":15,"minecraft:sand":3,"minecraft:loom":1,"minecraft:blast_furnace":3,"minecraft:black_bed":1,"minecraft:cobbled_deepslate_stairs":22,"minecraft:shears":4,"minecraft:deepslate_iron_ore":27,"minecraft:spore_blossom":1,"minecraft:lectern":1437,"minecraft:deepslate":95,"minecraft:gravel":5,"minecraft:diamond_sword":446,"minecraft:smithing_table":1,"minecraft:andesite":3,"minecraft:oak_boat":10,"minecraft:bone_meal":5,"minecraft:azalea":7,"minecraft:flint_and_steel":2,"minecraft:spruce_planks":1,"minecraft:netherrack":1902,"minecraft:oak_door":9,"minecraft:torch":71,"minecraft:dirt":922,"minecraft:anvil":1,"minecraft:hopper":1,"minecraft:nether_quartz_ore":105,"minecraft:iron_hoe":115,"minecraft:dark_oak_planks":4,"minecraft:flowering_azalea":6,"minecraft:iron_axe":558,"minecraft:barrel":1,"minecraft:diamond_chestplate":1,"minecraft:basalt":48,"minecraft:minecart":2,"minecraft:red_dye":1,"minecraft:light_gray_bed":2,"minecraft:cooked_mutton":24,"minecraft:water_bucket":1,"minecraft:iron_ore":5,"minecraft:baked_potato":99,"minecraft:spruce_sign":1,"minecraft:fletching_table":1,"minecraft:stonecutter":1,"minecraft:cobblestone_slab":3,"minecraft:polished_blackstone_bricks":70,"minecraft:gilded_blackstone":3,"minecraft:rail":18,"minecraft:oak_slab":3,"minecraft:crafting_table":3,"minecraft:white_bed":45,"minecraft:spruce_log":81,"minecraft:nether_gold_ore":30,"minecraft:yellow_dye":3,"minecraft:ender_eye":18,"minecraft:diamond_pickaxe":11280,"minecraft:diamond_shovel":1708,"minecraft:cracked_polished_blackstone_bricks":47,"minecraft:iron_pickaxe":1042,"minecraft:map":1,"minecraft:spruce_trapdoor":2,"minecraft:spruce_sapling":12,"minecraft:stone_axe":100,"minecraft:cobblestone":111,"minecraft:white_banner":1,"minecraft:yellow_bed":2},"minecraft:crafted":{"minecraft:black_dye":9,"minecraft:oak_planks":584,"minecraft:cobblestone_slab":6,"minecraft:blaze_powder":14,"minecraft:loom":1,"minecraft:diamond_shovel":1,"minecraft:bookshelf":3,"minecraft:hopper":2,"minecraft:diamond_helmet":3,"minecraft:bow":14,"minecraft:diamond_leggings":3,"minecraft:netherite_boots":1,"minecraft:chest":12,"minecraft:netherite_helmet":1,"minecraft:netherite_upgrade_smithing_template":12,"minecraft:ender_eye":12,"minecraft:gray_bed":2,"minecraft:white_banner":3,"minecraft:oak_slab":6,"minecraft:item_frame":1,"minecraft:emerald":246,"minecraft:crafting_table":2,"minecraft:spruce_planks":320,"minecraft:baked_potato":256,"minecraft:smithing_table":1,"minecraft:copper_ingot":9,"minecraft:hopper_minecart":1,"minecraft:light_gray_bed":2,"minecraft:spruce_trapdoor":2,"minecraft:lectern":3,"minecraft:book":9,"minecraft:paper":192,"minecraft:yellow_dye":10,"minecraft:shield":1,"minecraft:stick":804,"minecraft:iron_ingot":17,"minecraft:iron_pickaxe":6,"minecraft:gold_ingot":55,"minecraft:black_bed":1,"minecraft:light_gray_dye":2,"minecraft:netherite_ingot":7,"minecraft:composter":1,"minecraft:shears":1,"minecraft:oak_door":3,"minecraft:redstone":63,"minecraft:yellow_bed":2,"minecraft:dark_oak_sign":3,"minecraft:bone_meal":138,"minecraft:netherite_chestplate":1,"minecraft:netherite_leggings":1,"minecraft:iron_axe":3,"minecraft:iron_hoe":1,"minecraft:spruce_slab":24,"minecraft:diamond_boots":2,"minecraft:cobbled_deepslate_stairs":52,"minecraft:redstone_block":7,"minecraft:netherite_scrap":29,"minecraft:dark_oak_planks":16,"minecraft:minecart":2,"minecraft:red_dye":1,"minecraft:spruce_sign":3,"minecraft:stone_axe":1,"minecraft:enchanted_book":12,"minecraft:air":0,"minecraft:blue_dye":2,"minecraft:oak_boat":2,"minecraft:writable_book":31,"minecraft:iron_shovel":2,"minecraft:white_bed":43,"minecraft:lapis_lazuli":1,"minecraft:diamond_chestplate":3},"minecraft:custom":{"minecraft:interact_with_crafting_table":79,"minecraft:open_barrel":6,"minecraft:leave_game":18,"minecraft:time_since_death":978665,"minecraft:sprint_one_cm":1402956,"minecraft:damage_blocked_by_shield":460,"minecraft:drop":99,"minecraft:talked_to_villager":1873,"minecraft:play_time":978665,"minecraft:jump":7462,"minecraft:walk_on_water_one_cm":26798,"minecraft:enchant_item":11,"minecraft:interact_with_furnace":14,"minecraft:traded_with_villager":259,"minecraft:interact_with_loom":9,"minecraft:sleep_in_bed":12,"minecraft:damage_dealt":25428,"minecraft:player_kills":2,"minecraft:crouch_one_cm":296272,"minecraft:interact_with_smithing_table":20,"minecraft:mob_kills":969,"minecraft:interact_with_anvil":6,"minecraft:inspect_hopper":6,"minecraft:climb_one_cm":49315,"minecraft:walk_one_cm":1802312,"minecraft:sneak_time":89446,"minecraft:walk_under_water_one_cm":36906,"minecraft:boat_one_cm":37185,"minecraft:interact_with_blast_furnace":33,"minecraft:total_world_time":978665,"minecraft:interact_with_grindstone":1,"minecraft:interact_with_stonecutter":5,"minecraft:time_since_rest":200236,"minecraft:damage_taken":3232,"minecraft:swim_one_cm":45559,"minecraft:fly_one_cm":1444701,"minecraft:open_chest":808,"minecraft:fall_one_cm":206540},"minecraft:mined":{"minecraft:white_bed":2,"minecraft:cobbled_deepslate_stairs":1,"minecraft:cobblestone_stairs":10,"minecraft:obsidian":14,"minecraft:spruce_trapdoor":1,"minecraft:granite":12,"minecraft:grass_block":1595,"minecraft:cracked_polished_blackstone_bricks":143,"minecraft:nether_wart":1,"minecraft:oxeye_daisy":2,"minecraft:gilded_blackstone":7,"minecraft:spawner":1,"minecraft:polished_blackstone_bricks":308,"minecraft:weeping_vines_plant":1,"minecraft:raw_iron_block":2,"minecraft:magma_block":77,"minecraft:iron_ore":16,"minecraft:fire":916,"minecraft:fletching_table":1,"minecraft:anvil":1,"minecraft:dirt_path":51,"minecraft:oak_stairs":267,"minecraft:white_banner":1,"minecraft:spruce_slab":2,"minecraft:blackstone":538,"minecraft:crimson_nylium":7,"minecraft:soul_fire":8,"minecraft:torch":3,"minecraft:blast_furnace":3,"minecraft:chest":10,"minecraft:nether_quartz_ore":640,"minecraft:cobblestone":364,"minecraft:sugar_cane":258,"minecraft:oak_planks":322,"minecraft:iron_door":18,"minecraft:wall_torch":6,"minecraft:white_terracotta":2,"minecraft:powered_rail":8,"minecraft:nether_wart_block":3,"minecraft:yellow_wool":6,"minecraft:grass":393,"minecraft:oak_log":162,"minecraft:sand":23,"minecraft:dirt":361,"minecraft:stonecutter":1,"minecraft:netherrack":8890,"minecraft:ancient_debris":28,"minecraft:oak_leaves":22,"minecraft:deepslate":156,"minecraft:nether_gold_ore":61,"minecraft:tuff":10,"minecraft:mossy_cobblestone":28,"minecraft:deepslate_diamond_ore":56,"minecraft:oak_door":6,"minecraft:nether_bricks":35,"minecraft:crimson_roots":2,"minecraft:spruce_leaves":61,"minecraft:furnace":4,"minecraft:carrots":122,"minecraft:andesite":21,"minecraft:stripped_spruce_log":15,"minecraft:gold_block":1,"minecraft:nether_brick_fence":24,"minecraft:bookshelf":233,"minecraft:deepslate_iron_ore":54,"minecraft:cobblestone_slab":1,"minecraft:rail":14,"minecraft:warped_stem":27,"minecraft:stone":370,"minecraft:white_wool":6,"minecraft:podzol":11,"minecraft:smithing_table":1,"minecraft:oak_slab":5,"minecraft:redstone_block":4,"minecraft:glass_pane":17,"minecraft:soul_sand":3,"minecraft:basalt":78,"minecraft:crafting_table":3,"minecraft:cornflower":2,"minecraft:rose_bush":1,"minecraft:lectern":1435,"minecraft:tall_grass":4,"minecraft:copper_ore":2,"minecraft:deepslate_gold_ore":3,"minecraft:polished_blackstone_brick_stairs":2,"minecraft:warped_wart_block":3,"minecraft:spruce_log":338,"minecraft:birch_leaves":1,"minecraft:coal_ore":44,"minecraft:sunflower":1,"minecraft:gravel":53,"minecraft:cobweb":41,"minecraft:cracked_stone_bricks":2,"minecraft:stone_bricks":42,"minecraft:mossy_stone_bricks":3,"minecraft:gold_ore":5},"minecraft:dropped":{"minecraft:crimson_nylium":2,"minecraft:soul_sand":2,"minecraft:lapis_lazuli":1,"minecraft:emerald":1,"minecraft:gravel":10,"minecraft:stone_axe":1,"minecraft:oak_planks":100,"minecraft:cooked_mutton":4,"minecraft:carrot":385,"minecraft:quartz":5,"minecraft:netherrack":79,"minecraft:lectern":1,"minecraft:egg":2,"minecraft:enchanted_book":1,"minecraft:oak_slab":1,"minecraft:diamond_leggings":1,"minecraft:book":1,"minecraft:stick":21,"minecraft:torch":67,"minecraft:rose_bush":1,"minecraft:brown_wool":1,"minecraft:diamond_helmet":1,"minecraft:diamond_sword":3,"minecraft:diamond_chestplate":1,"minecraft:spruce_planks":2,"minecraft:diamond_pickaxe":1,"minecraft:mossy_stone_bricks":1,"minecraft:oak_boat":2,"minecraft:diamond_boots":1},"minecraft:killed":{"minecraft:cave_spider":2,"minecraft:spider":6,"minecraft:skeleton":368,"minecraft:piglin_brute":4,"minecraft:magma_cube":20,"minecraft:piglin":16,"minecraft:iron_golem":1,"minecraft:creeper":2,"minecraft:sheep":10,"minecraft:zombie":437,"minecraft:ghast":4,"minecraft:blaze":47,"minecraft:phantom":2,"minecraft:hoglin":1,"minecraft:squid":12,"minecraft:villager":1,"minecraft:enderman":8},"minecraft:broken":{"minecraft:iron_shovel":1,"minecraft:diamond_pickaxe":1,"minecraft:iron_axe":3,"minecraft:iron_pickaxe":4},"minecraft:picked_up":{"minecraft:iron_chestplate":1,"minecraft:redstone_block":4,"minecraft:nether_brick_fence":18,"minecraft:anvil":1,"minecraft:yellow_wool":6,"minecraft:stone_slab":5,"minecraft:diamond_sword":1,"minecraft:oak_stairs":261,"minecraft:gilded_blackstone":4,"minecraft:golden_sword":1,"minecraft:polished_blackstone_brick_stairs":1,"minecraft:string":45,"minecraft:gold_nugget":291,"minecraft:cobbled_deepslate":20,"minecraft:spruce_planks":2,"minecraft:rose_bush":1,"minecraft:cobblestone_slab":1,"minecraft:ender_eye":6,"minecraft:iron_pickaxe":1,"minecraft:hopper_minecart":1,"minecraft:deepslate_iron_ore":27,"minecraft:furnace":4,"minecraft:iron_boots":1,"minecraft:golden_helmet":1,"minecraft:stick":42,"minecraft:torch":35,"minecraft:porkchop":5,"minecraft:nether_gold_ore":30,"minecraft:rotten_flesh":1534,"minecraft:white_terracotta":2,"minecraft:blaze_rod":75,"minecraft:obsidian":14,"minecraft:cobblestone":471,"minecraft:magma_block":29,"minecraft:feather":1,"minecraft:magma_cream":1,"minecraft:iron_door":18,"minecraft:water_bucket":1,"minecraft:andesite":21,"minecraft:brown_wool":2,"minecraft:potato":13,"minecraft:flint":8,"minecraft:tuff":16,"minecraft:lapis_lazuli":4,"minecraft:dirt":1928,"minecraft:glass":48,"minecraft:bone":418,"minecraft:stonecutter":1,"minecraft:bow":32,"minecraft:wheat_seeds":74,"minecraft:raw_gold":8,"minecraft:fletching_table":2,"minecraft:mossy_stone_bricks":3,"minecraft:powered_rail":10,"minecraft:oak_planks":445,"minecraft:ghast_tear":1,"minecraft:cooked_porkchop":17,"minecraft:warped_wart_block":3,"minecraft:sand":23,"minecraft:stripped_spruce_log":15,"minecraft:ink_sac":41,"minecraft:grass_block":4,"minecraft:mossy_cobblestone":29,"minecraft:yellow_carpet":2,"minecraft:diamond":66,"minecraft:deepslate":129,"minecraft:cracked_polished_blackstone_bricks":111,"minecraft:crossbow":1,"minecraft:granite":12,"minecraft:emerald":2,"minecraft:netherrack":4913,"minecraft:crimson_roots":2,"minecraft:diamond_pickaxe":1,"minecraft:crafting_table":3,"minecraft:chest_minecart":2,"minecraft:gold_block":1,"minecraft:shield":1,"minecraft:cornflower":2,"minecraft:iron_axe":2,"minecraft:iron_shovel":1,"minecraft:blackstone":430,"minecraft:glass_pane":9,"minecraft:cracked_stone_bricks":2,"minecraft:deepslate_diamond_ore":28,"minecraft:oak_boat":13,"minecraft:lectern":1438,"minecraft:poppy":2,"minecraft:spruce_slab":3,"minecraft:light_gray_wool":8,"minecraft:minecart":2,"minecraft:sugar_cane":437,"minecraft:chest":10,"minecraft:phantom_membrane":2,"minecraft:egg":8,"minecraft:copper_ore":2,"minecraft:raw_iron":62,"minecraft:stone":263,"minecraft:oak_door":11,"minecraft:polished_blackstone_bricks":216,"minecraft:carrot":648,"minecraft:redstone":6,"minecraft:arrow":395,"minecraft:weeping_vines":2,"minecraft:nether_bricks":35,"minecraft:gold_ingot":3,"minecraft:mutton":27,"minecraft:white_wool":115,"minecraft:rail":16,"minecraft:oxeye_daisy":2,"minecraft:basalt":61,"minecraft:glow_ink_sac":3,"minecraft:leather":1,"minecraft:oak_log":168,"minecraft:ancient_debris":28,"minecraft:golden_boots":1,"minecraft:cobbled_deepslate_stairs":1,"minecraft:gunpowder":1,"minecraft:cobblestone_stairs":10,"minecraft:paper":27,"minecraft:white_banner":1,"minecraft:cooked_mutton":28,"minecraft:apple":3,"minecraft:stone_bricks":41,"minecraft:warped_stem":27,"minecraft:iron_ingot":8,"minecraft:iron_ore":5,"minecraft:iron_sword":1,"minecraft:soul_sand":3,"minecraft:book":702,"minecraft:oak_slab":13,"minecraft:warped_fungus":1,"minecraft:nether_quartz_ore":110,"minecraft:quartz":840,"minecraft:dandelion":2,"minecraft:raw_iron_block":2,"minecraft:gravel":57,"minecraft:spruce_sapling":35,"minecraft:blast_furnace":3,"minecraft:white_bed":1,"minecraft:spruce_log":337,"minecraft:spider_eye":2,"minecraft:coal_ore":22,"minecraft:chainmail_leggings":1,"minecraft:iron_helmet":1,"minecraft:gray_wool":6,"minecraft:warped_roots":1,"minecraft:black_wool":4,"minecraft:crimson_nylium":3,"minecraft:coal":157,"minecraft:ender_pearl":14,"minecraft:sunflower":14}},"DataVersion":3465}