{"stats":{"minecraft:used":{"minecraft:moss_block":13,"minecraft:iron_shovel":349,"minecraft:spruce_slab":6,"minecraft:bone_block":6,"minecraft:chest":16,"minecraft:shield":4,"minecraft:white_terracotta":2,"minecraft:stone":1,"minecraft:iron_sword":40,"minecraft:nether_bricks":35,"minecraft:carrot":202,"minecraft:tuff":7,"minecraft:obsidian":20,"minecraft:stripped_spruce_log":8,"minecraft:big_dripleaf":1,"minecraft:coal_ore":22,"minecraft:grass_block":3,"minecraft:hopper_minecart":3,"minecraft:stone_bricks":173,"minecraft:item_frame":1,"minecraft:bow":45,"minecraft:furnace":4,"minecraft:gray_bed":2,"minecraft:egg":1,"minecraft:powered_rail":10,"minecraft:oak_planks":454,"minecraft:redstone_block":4,"minecraft:composter":1,"minecraft:sugar_cane":15,"minecraft:diamond_axe":1432,"minecraft:glow_berries":15,"minecraft:loom":1,"minecraft:blast_furnace":3,"minecraft:black_bed":1,"minecraft:shears":4,"minecraft:cobbled_deepslate_stairs":22,"minecraft:spore_blossom":1,"minecraft:lectern":649,"minecraft:gravel":4,"minecraft:diamond_sword":330,"minecraft:smithing_table":1,"minecraft:oak_boat":10,"minecraft:bone_meal":5,"minecraft:azalea":7,"minecraft:flint_and_steel":2,"minecraft:netherrack":1330,"minecraft:oak_door":9,"minecraft:torch":59,"minecraft:dirt":253,"minecraft:anvil":1,"minecraft:hopper":1,"minecraft:nether_quartz_ore":48,"minecraft:iron_hoe":115,"minecraft:dark_oak_planks":4,"minecraft:flowering_azalea":6,"minecraft:iron_axe":541,"minecraft:barrel":1,"minecraft:diamond_chestplate":1,"minecraft:basalt":3,"minecraft:minecart":2,"minecraft:light_gray_bed":2,"minecraft:cooked_mutton":24,"minecraft:water_bucket":1,"minecraft:baked_potato":61,"minecraft:stonecutter":1,"minecraft:cobblestone_slab":3,"minecraft:polished_blackstone_bricks":70,"minecraft:rail":18,"minecraft:oak_slab":2,"minecraft:crafting_table":3,"minecraft:white_bed":31,"minecraft:spruce_log":81,"minecraft:nether_gold_ore":1,"minecraft:ender_eye":18,"minecraft:diamond_pickaxe":9423,"minecraft:diamond_shovel":812,"minecraft:cracked_polished_blackstone_bricks":32,"minecraft:iron_pickaxe":973,"minecraft:map":1,"minecraft:spruce_trapdoor":2,"minecraft:spruce_sapling":12,"minecraft:stone_axe":100,"minecraft:cobblestone":111,"minecraft:white_banner":1,"minecraft:yellow_bed":2},"minecraft:crafted":{"minecraft:black_dye":9,"minecraft:oak_planks":560,"minecraft:cobblestone_slab":6,"minecraft:blaze_powder":14,"minecraft:loom":1,"minecraft:hopper":2,"minecraft:diamond_helmet":2,"minecraft:bow":14,"minecraft:diamond_leggings":2,"minecraft:chest":12,"minecraft:ender_eye":12,"minecraft:gray_bed":2,"minecraft:white_banner":3,"minecraft:oak_slab":6,"minecraft:item_frame":1,"minecraft:emerald":108,"minecraft:crafting_table":2,"minecraft:spruce_planks":192,"minecraft:baked_potato":256,"minecraft:smithing_table":1,"minecraft:hopper_minecart":1,"minecraft:light_gray_bed":2,"minecraft:spruce_trapdoor":2,"minecraft:book":7,"minecraft:paper":192,"minecraft:shield":1,"minecraft:stick":564,"minecraft:iron_pickaxe":6,"minecraft:gold_ingot":9,"minecraft:black_bed":1,"minecraft:light_gray_dye":2,"minecraft:netherite_ingot":1,"minecraft:composter":1,"minecraft:shears":1,"minecraft:oak_door":3,"minecraft:redstone":63,"minecraft:yellow_bed":2,"minecraft:bone_meal":138,"minecraft:iron_axe":3,"minecraft:spruce_slab":12,"minecraft:iron_hoe":1,"minecraft:diamond_boots":1,"minecraft:cobbled_deepslate_stairs":52,"minecraft:redstone_block":7,"minecraft:netherite_scrap":5,"minecraft:dark_oak_planks":16,"minecraft:minecart":2,"minecraft:stone_axe":1,"minecraft:enchanted_book":7,"minecraft:air":0,"minecraft:blue_dye":2,"minecraft:oak_boat":2,"minecraft:iron_shovel":2,"minecraft:white_bed":43,"minecraft:lapis_lazuli":1,"minecraft:diamond_chestplate":2},"minecraft:custom":{"minecraft:interact_with_crafting_table":63,"minecraft:open_barrel":5,"minecraft:leave_game":16,"minecraft:time_since_death":670494,"minecraft:sprint_one_cm":1028626,"minecraft:damage_blocked_by_shield":135,"minecraft:drop":97,"minecraft:talked_to_villager":827,"minecraft:play_time":670494,"minecraft:jump":5462,"minecraft:walk_on_water_one_cm":6532,"minecraft:enchant_item":10,"minecraft:interact_with_furnace":14,"minecraft:traded_with_villager":116,"minecraft:interact_with_loom":8,"minecraft:sleep_in_bed":9,"minecraft:damage_dealt":18011,"minecraft:player_kills":2,"minecraft:crouch_one_cm":198730,"minecraft:interact_with_smithing_table":6,"minecraft:mob_kills":715,"minecraft:interact_with_anvil":3,"minecraft:inspect_hopper":6,"minecraft:climb_one_cm":37073,"minecraft:walk_one_cm":1348960,"minecraft:sneak_time":60652,"minecraft:walk_under_water_one_cm":4078,"minecraft:boat_one_cm":37185,"minecraft:interact_with_blast_furnace":16,"minecraft:total_world_time":670494,"minecraft:interact_with_grindstone":1,"minecraft:interact_with_stonecutter":3,"minecraft:time_since_rest":17862,"minecraft:damage_taken":2294,"minecraft:swim_one_cm":8027,"minecraft:fly_one_cm":1099977,"minecraft:open_chest":567,"minecraft:fall_one_cm":147129},"minecraft:mined":{"minecraft:white_bed":2,"minecraft:cobbled_deepslate_stairs":1,"minecraft:cobblestone_stairs":10,"minecraft:obsidian":14,"minecraft:spruce_trapdoor":1,"minecraft:granite":12,"minecraft:grass_block":813,"minecraft:cracked_polished_blackstone_bricks":50,"minecraft:oxeye_daisy":2,"minecraft:spawner":1,"minecraft:polished_blackstone_bricks":138,"minecraft:weeping_vines_plant":1,"minecraft:magma_block":76,"minecraft:iron_ore":11,"minecraft:fire":625,"minecraft:anvil":1,"minecraft:dirt_path":51,"minecraft:oak_stairs":267,"minecraft:white_banner":1,"minecraft:spruce_slab":2,"minecraft:blackstone":322,"minecraft:crimson_nylium":7,"minecraft:soul_fire":3,"minecraft:torch":3,"minecraft:blast_furnace":3,"minecraft:chest":7,"minecraft:nether_quartz_ore":340,"minecraft:cobblestone":363,"minecraft:sugar_cane":176,"minecraft:oak_planks":314,"minecraft:iron_door":18,"minecraft:wall_torch":6,"minecraft:white_terracotta":2,"minecraft:powered_rail":8,"minecraft:nether_wart_block":3,"minecraft:yellow_wool":6,"minecraft:grass":63,"minecraft:oak_log":162,"minecraft:dirt":301,"minecraft:stonecutter":1,"minecraft:netherrack":8135,"minecraft:ancient_debris":22,"minecraft:oak_leaves":22,"minecraft:deepslate":45,"minecraft:nether_gold_ore":30,"minecraft:mossy_cobblestone":28,"minecraft:oak_door":6,"minecraft:nether_bricks":35,"minecraft:crimson_roots":2,"minecraft:spruce_leaves":61,"minecraft:furnace":4,"minecraft:carrots":122,"minecraft:andesite":18,"minecraft:stripped_spruce_log":8,"minecraft:nether_brick_fence":24,"minecraft:bookshelf":233,"minecraft:cobblestone_slab":1,"minecraft:rail":14,"minecraft:stone":362,"minecraft:white_wool":6,"minecraft:podzol":11,"minecraft:smithing_table":1,"minecraft:oak_slab":4,"minecraft:redstone_block":4,"minecraft:glass_pane":17,"minecraft:soul_sand":2,"minecraft:basalt":8,"minecraft:crafting_table":3,"minecraft:cornflower":2,"minecraft:rose_bush":1,"minecraft:lectern":647,"minecraft:tall_grass":2,"minecraft:copper_ore":2,"minecraft:deepslate_gold_ore":3,"minecraft:polished_blackstone_brick_stairs":1,"minecraft:spruce_log":338,"minecraft:birch_leaves":1,"minecraft:coal_ore":44,"minecraft:gravel":41,"minecraft:cobweb":36,"minecraft:cracked_stone_bricks":2,"minecraft:stone_bricks":41,"minecraft:mossy_stone_bricks":3,"minecraft:gold_ore":5},"minecraft:dropped":{"minecraft:crimson_nylium":2,"minecraft:soul_sand":2,"minecraft:lapis_lazuli":1,"minecraft:emerald":1,"minecraft:gravel":9,"minecraft:stone_axe":1,"minecraft:oak_planks":100,"minecraft:cooked_mutton":4,"minecraft:carrot":385,"minecraft:quartz":5,"minecraft:netherrack":79,"minecraft:lectern":1,"minecraft:egg":2,"minecraft:enchanted_book":1,"minecraft:oak_slab":1,"minecraft:diamond_leggings":1,"minecraft:book":1,"minecraft:stick":21,"minecraft:torch":67,"minecraft:rose_bush":1,"minecraft:brown_wool":1,"minecraft:diamond_helmet":1,"minecraft:diamond_sword":2,"minecraft:diamond_chestplate":1,"minecraft:spruce_planks":2,"minecraft:diamond_pickaxe":1,"minecraft:mossy_stone_bricks":1,"minecraft:oak_boat":2,"minecraft:diamond_boots":1},"minecraft:killed":{"minecraft:spider":2,"minecraft:skeleton":360,"minecraft:magma_cube":1,"minecraft:piglin":8,"minecraft:iron_golem":1,"minecraft:sheep":10,"minecraft:zombie":248,"minecraft:ghast":2,"minecraft:blaze":47,"minecraft:hoglin":1,"minecraft:squid":3,"minecraft:villager":1,"minecraft:enderman":6},"minecraft:broken":{"minecraft:iron_shovel":1,"minecraft:diamond_pickaxe":1,"minecraft:iron_axe":3,"minecraft:iron_pickaxe":4},"minecraft:picked_up":{"minecraft:iron_chestplate":1,"minecraft:redstone_block":4,"minecraft:nether_brick_fence":18,"minecraft:anvil":1,"minecraft:yellow_wool":6,"minecraft:stone_slab":5,"minecraft:diamond_sword":1,"minecraft:oak_stairs":261,"minecraft:golden_sword":1,"minecraft:string":36,"minecraft:gold_nugget":8,"minecraft:cobbled_deepslate":20,"minecraft:spruce_planks":2,"minecraft:rose_bush":1,"minecraft:cobblestone_slab":1,"minecraft:ender_eye":6,"minecraft:iron_pickaxe":1,"minecraft:hopper_minecart":1,"minecraft:iron_boots":1,"minecraft:furnace":4,"minecraft:stick":42,"minecraft:torch":33,"minecraft:porkchop":5,"minecraft:nether_gold_ore":30,"minecraft:rotten_flesh":796,"minecraft:white_terracotta":2,"minecraft:blaze_rod":75,"minecraft:obsidian":14,"minecraft:cobblestone":470,"minecraft:magma_block":28,"minecraft:water_bucket":1,"minecraft:iron_door":18,"minecraft:andesite":18,"minecraft:brown_wool":2,"minecraft:potato":8,"minecraft:flint":4,"minecraft:tuff":6,"minecraft:lapis_lazuli":4,"minecraft:dirt":1154,"minecraft:bone":404,"minecraft:glass":48,"minecraft:stonecutter":1,"minecraft:bow":32,"minecraft:wheat_seeds":15,"minecraft:raw_gold":8,"minecraft:fletching_table":1,"minecraft:mossy_stone_bricks":3,"minecraft:powered_rail":10,"minecraft:oak_planks":437,"minecraft:cooked_porkchop":17,"minecraft:stripped_spruce_log":8,"minecraft:ink_sac":9,"minecraft:grass_block":4,"minecraft:mossy_cobblestone":29,"minecraft:yellow_carpet":2,"minecraft:deepslate":23,"minecraft:cracked_polished_blackstone_bricks":32,"minecraft:crossbow":1,"minecraft:granite":12,"minecraft:emerald":2,"minecraft:netherrack":4010,"minecraft:crimson_roots":2,"minecraft:diamond_pickaxe":1,"minecraft:crafting_table":3,"minecraft:shield":1,"minecraft:cornflower":2,"minecraft:iron_axe":2,"minecraft:iron_shovel":1,"minecraft:blackstone":241,"minecraft:glass_pane":9,"minecraft:cracked_stone_bricks":2,"minecraft:oak_boat":13,"minecraft:light_gray_wool":8,"minecraft:poppy":2,"minecraft:lectern":650,"minecraft:spruce_slab":3,"minecraft:minecart":2,"minecraft:sugar_cane":273,"minecraft:chest":7,"minecraft:egg":7,"minecraft:copper_ore":2,"minecraft:raw_iron":6,"minecraft:stone":255,"minecraft:oak_door":11,"minecraft:polished_blackstone_bricks":70,"minecraft:carrot":648,"minecraft:redstone":6,"minecraft:arrow":385,"minecraft:weeping_vines":2,"minecraft:nether_bricks":35,"minecraft:gold_ingot":3,"minecraft:mutton":27,"minecraft:white_wool":115,"minecraft:rail":15,"minecraft:oxeye_daisy":2,"minecraft:basalt":3,"minecraft:leather":1,"minecraft:oak_log":168,"minecraft:ancient_debris":22,"minecraft:cobbled_deepslate_stairs":1,"minecraft:gunpowder":1,"minecraft:cobblestone_stairs":10,"minecraft:paper":27,"minecraft:white_banner":1,"minecraft:cooked_mutton":28,"minecraft:stone_bricks":40,"minecraft:apple":3,"minecraft:iron_ingot":7,"minecraft:iron_ore":5,"minecraft:iron_sword":1,"minecraft:soul_sand":2,"minecraft:book":702,"minecraft:oak_slab":12,"minecraft:nether_quartz_ore":105,"minecraft:quartz":302,"minecraft:dandelion":2,"minecraft:gravel":41,"minecraft:spruce_sapling":35,"minecraft:blast_furnace":3,"minecraft:white_bed":1,"minecraft:spruce_log":337,"minecraft:spider_eye":1,"minecraft:coal_ore":22,"minecraft:chainmail_leggings":1,"minecraft:iron_helmet":1,"minecraft:gray_wool":6,"minecraft:black_wool":4,"minecraft:crimson_nylium":3,"minecraft:coal":157,"minecraft:ender_pearl":12}},"DataVersion":3465}