{"stats":{"minecraft:used":{"minecraft:cooked_mutton":2,"minecraft:iron_shovel":99,"minecraft:oak_planks":111,"minecraft:iron_sword":4,"minecraft:sugar_cane":9,"minecraft:diamond_axe":385,"minecraft:netherrack":82,"minecraft:oak_door":5,"minecraft:torch":7,"minecraft:dirt":1,"minecraft:spruce_log":30,"minecraft:diamond_pickaxe":230,"minecraft:iron_axe":132,"minecraft:iron_pickaxe":69,"minecraft:lectern":107,"minecraft:gravel":3,"minecraft:diamond_sword":3},"minecraft:crafted":{"minecraft:oak_door":3,"minecraft:oak_slab":6,"minecraft:oak_planks":64,"minecraft:emerald":21,"minecraft:baked_potato":256,"minecraft:air":0,"minecraft:oak_boat":2,"minecraft:bow":3,"minecraft:paper":162,"minecraft:stick":112,"minecraft:iron_pickaxe":1,"minecraft:iron_shovel":1},"minecraft:custom":{"minecraft:interact_with_furnace":4,"minecraft:mob_kills":61,"minecraft:traded_with_villager":21,"minecraft:interact_with_crafting_table":12,"minecraft:open_barrel":1,"minecraft:leave_game":2,"minecraft:time_since_death":92219,"minecraft:sleep_in_bed":2,"minecraft:time_since_rest":13531,"minecraft:sprint_one_cm":54306,"minecraft:damage_taken":45,"minecraft:walk_one_cm":131509,"minecraft:damage_dealt":282,"minecraft:talked_to_villager":128,"minecraft:fly_one_cm":48863,"minecraft:player_kills":1,"minecraft:open_chest":78,"minecraft:crouch_one_cm":15250,"minecraft:play_time":92219,"minecraft:sneak_time":4595,"minecraft:jump":287,"minecraft:interact_with_blast_furnace":2,"minecraft:walk_on_water_one_cm":262,"minecraft:total_world_time":92219,"minecraft:fall_one_cm":5597},"minecraft:mined":{"minecraft:smithing_table":1,"minecraft:glass_pane":8,"minecraft:mossy_cobblestone":12,"minecraft:oak_door":2,"minecraft:cobblestone_stairs":6,"minecraft:grass_block":61,"minecraft:lectern":107,"minecraft:cobblestone":204,"minecraft:sugar_cane":90,"minecraft:oak_planks":144,"minecraft:wall_torch":4,"minecraft:spruce_log":2,"minecraft:grass":3,"minecraft:oak_log":34,"minecraft:dirt_path":4,"minecraft:oak_stairs":199,"minecraft:dirt":38,"minecraft:netherrack":66},"minecraft:killed":{"minecraft:skeleton":1,"minecraft:zombie":60},"minecraft:broken":{"minecraft:iron_axe":1,"minecraft:iron_pickaxe":1},"minecraft:picked_up":{"minecraft:iron_chestplate":1,"minecraft:water_bucket":1,"minecraft:oak_stairs":193,"minecraft:potato":6,"minecraft:tuff":6,"minecraft:oak_log":34,"minecraft:shield":1,"minecraft:cobblestone_stairs":6,"minecraft:lapis_lazuli":3,"minecraft:dirt":100,"minecraft:paper":12,"minecraft:iron_axe":2,"minecraft:cooked_mutton":28,"minecraft:glass":48,"minecraft:bow":1,"minecraft:gold_nugget":1,"minecraft:iron_pickaxe":1,"minecraft:fletching_table":1,"minecraft:lectern":110,"minecraft:sugar_cane":171,"minecraft:oak_planks":198,"minecraft:iron_sword":1,"minecraft:iron_boots":1,"minecraft:oak_slab":8,"minecraft:cooked_porkchop":17,"minecraft:oak_door":6,"minecraft:torch":13,"minecraft:dandelion":2,"minecraft:gravel":17,"minecraft:carrot":2,"minecraft:spruce_log":2,"minecraft:mossy_cobblestone":13,"minecraft:yellow_carpet":2,"minecraft:rotten_flesh":161,"minecraft:chainmail_leggings":1,"minecraft:iron_helmet":1,"minecraft:netherrack":102,"minecraft:cobblestone":205}},"DataVersion":3465}