{"stats":{"minecraft:killed":{"minecraft:skeleton":1,"minecraft:zombie":72},"minecraft:dropped":{"minecraft:diamond_sword":1},"minecraft:crafted":{"minecraft:oak_door":3,"minecraft:oak_slab":6,"minecraft:oak_planks":64,"minecraft:cobblestone_slab":6,"minecraft:emerald":21,"minecraft:baked_potato":256,"minecraft:air":0,"minecraft:oak_boat":2,"minecraft:bow":3,"minecraft:paper":162,"minecraft:stick":112,"minecraft:iron_pickaxe":1,"minecraft:iron_shovel":1},"minecraft:mined":{"minecraft:smithing_table":1,"minecraft:glass_pane":8,"minecraft:mossy_cobblestone":12,"minecraft:oak_door":2,"minecraft:cobblestone_stairs":6,"minecraft:granite":6,"minecraft:grass_block":68,"minecraft:lectern":118,"minecraft:tall_grass":2,"minecraft:cobblestone":204,"minecraft:deepslate_gold_ore":3,"minecraft:sugar_cane":93,"minecraft:oak_planks":144,"minecraft:wall_torch":4,"minecraft:iron_ore":6,"minecraft:spruce_log":2,"minecraft:andesite":6,"minecraft:grass":3,"minecraft:oak_log":34,"minecraft:dirt_path":4,"minecraft:oak_stairs":199,"minecraft:dirt":40,"minecraft:stone":107,"minecraft:netherrack":66,"minecraft:gold_ore":5,"minecraft:deepslate":20},"minecraft:used":{"minecraft:cooked_mutton":6,"minecraft:iron_shovel":105,"minecraft:oak_planks":111,"minecraft:iron_sword":9,"minecraft:cobblestone_slab":2,"minecraft:sugar_cane":9,"minecraft:diamond_axe":385,"minecraft:netherrack":82,"minecraft:oak_door":5,"minecraft:torch":7,"minecraft:dirt":1,"minecraft:spruce_log":30,"minecraft:diamond_pickaxe":230,"minecraft:iron_axe":144,"minecraft:iron_pickaxe":222,"minecraft:lectern":118,"minecraft:gravel":3,"minecraft:diamond_sword":5,"minecraft:cobblestone":10},"minecraft:custom":{"minecraft:interact_with_furnace":4,"minecraft:mob_kills":73,"minecraft:traded_with_villager":21,"minecraft:interact_with_crafting_table":14,"minecraft:open_barrel":1,"minecraft:leave_game":2,"minecraft:time_since_death":116185,"minecraft:sleep_in_bed":2,"minecraft:climb_one_cm":3534,"minecraft:time_since_rest":37497,"minecraft:sprint_one_cm":153484,"minecraft:damage_taken":125,"minecraft:walk_one_cm":183839,"minecraft:drop":1,"minecraft:damage_dealt":293,"minecraft:swim_one_cm":2542,"minecraft:talked_to_villager":144,"minecraft:fly_one_cm":215560,"minecraft:player_kills":1,"minecraft:open_chest":90,"minecraft:crouch_one_cm":19048,"minecraft:play_time":116185,"minecraft:sneak_time":5896,"minecraft:walk_under_water_one_cm":465,"minecraft:jump":850,"minecraft:interact_with_blast_furnace":2,"minecraft:walk_on_water_one_cm":408,"minecraft:total_world_time":116185,"minecraft:fall_one_cm":20170},"minecraft:broken":{"minecraft:iron_axe":1,"minecraft:iron_pickaxe":1},"minecraft:picked_up":{"minecraft:iron_chestplate":1,"minecraft:water_bucket":1,"minecraft:andesite":6,"minecraft:oak_stairs":193,"minecraft:potato":6,"minecraft:tuff":6,"minecraft:oak_log":34,"minecraft:shield":1,"minecraft:cobblestone_stairs":6,"minecraft:lapis_lazuli":3,"minecraft:dirt":109,"minecraft:paper":12,"minecraft:iron_axe":2,"minecraft:cooked_mutton":28,"minecraft:glass":48,"minecraft:bow":1,"minecraft:gold_nugget":1,"minecraft:cobbled_deepslate":20,"minecraft:raw_gold":8,"minecraft:iron_pickaxe":1,"minecraft:fletching_table":1,"minecraft:lectern":120,"minecraft:sugar_cane":177,"minecraft:oak_planks":198,"minecraft:iron_sword":1,"minecraft:iron_boots":1,"minecraft:oak_slab":8,"minecraft:raw_iron":6,"minecraft:cooked_porkchop":17,"minecraft:oak_door":6,"minecraft:torch":13,"minecraft:dandelion":2,"minecraft:gravel":17,"minecraft:carrot":2,"minecraft:spruce_log":2,"minecraft:mossy_cobblestone":13,"minecraft:yellow_carpet":2,"minecraft:rotten_flesh":187,"minecraft:chainmail_leggings":1,"minecraft:iron_helmet":1,"minecraft:granite":6,"minecraft:netherrack":102,"minecraft:cobblestone":312}},"DataVersion":3465}