{"stats":{"minecraft:used":{"minecraft:iron_shovel":329,"minecraft:spruce_slab":6,"minecraft:chest":14,"minecraft:iron_sword":40,"minecraft:netherrack":181,"minecraft:oak_door":7,"minecraft:torch":52,"minecraft:dirt":172,"minecraft:hopper":1,"minecraft:carrot":185,"minecraft:stripped_spruce_log":8,"minecraft:iron_hoe":115,"minecraft:coal_ore":22,"minecraft:iron_axe":538,"minecraft:grass_block":1,"minecraft:hopper_minecart":3,"minecraft:stone_bricks":169,"minecraft:bow":14,"minecraft:minecart":2,"minecraft:cooked_mutton":24,"minecraft:water_bucket":1,"minecraft:powered_rail":10,"minecraft:baked_potato":6,"minecraft:oak_planks":451,"minecraft:redstone_block":4,"minecraft:composter":1,"minecraft:cobblestone_slab":3,"minecraft:sugar_cane":9,"minecraft:diamond_axe":1087,"minecraft:rail":18,"minecraft:crafting_table":3,"minecraft:spruce_log":81,"minecraft:cobbled_deepslate_stairs":22,"minecraft:diamond_pickaxe":779,"minecraft:diamond_shovel":812,"minecraft:iron_pickaxe":552,"minecraft:lectern":649,"minecraft:spruce_trapdoor":2,"minecraft:spruce_sapling":12,"minecraft:gravel":3,"minecraft:stone_axe":100,"minecraft:diamond_sword":85,"minecraft:cobblestone":96,"minecraft:oak_boat":2,"minecraft:bone_meal":5},"minecraft:crafted":{"minecraft:oak_door":3,"minecraft:oak_planks":560,"minecraft:redstone":63,"minecraft:cobblestone_slab":6,"minecraft:bone_meal":138,"minecraft:hopper":2,"minecraft:diamond_helmet":2,"minecraft:bow":14,"minecraft:diamond_leggings":2,"minecraft:iron_axe":3,"minecraft:iron_hoe":1,"minecraft:spruce_slab":12,"minecraft:chest":12,"minecraft:diamond_boots":1,"minecraft:cobbled_deepslate_stairs":52,"minecraft:redstone_block":7,"minecraft:minecart":2,"minecraft:oak_slab":6,"minecraft:emerald":82,"minecraft:crafting_table":2,"minecraft:spruce_planks":48,"minecraft:baked_potato":256,"minecraft:hopper_minecart":1,"minecraft:stone_axe":1,"minecraft:enchanted_book":5,"minecraft:air":0,"minecraft:oak_boat":2,"minecraft:spruce_trapdoor":2,"minecraft:book":4,"minecraft:paper":183,"minecraft:stick":404,"minecraft:iron_pickaxe":2,"minecraft:iron_shovel":2,"minecraft:composter":1,"minecraft:lapis_lazuli":1,"minecraft:diamond_chestplate":1},"minecraft:custom":{"minecraft:mob_kills":600,"minecraft:inspect_hopper":6,"minecraft:interact_with_crafting_table":44,"minecraft:open_barrel":4,"minecraft:leave_game":11,"minecraft:time_since_death":451052,"minecraft:climb_one_cm":36197,"minecraft:sprint_one_cm":488157,"minecraft:walk_one_cm":719710,"minecraft:drop":81,"minecraft:talked_to_villager":809,"minecraft:play_time":451052,"minecraft:sneak_time":24044,"minecraft:walk_under_water_one_cm":465,"minecraft:boat_one_cm":13180,"minecraft:jump":2671,"minecraft:interact_with_blast_furnace":5,"minecraft:walk_on_water_one_cm":1583,"minecraft:enchant_item":10,"minecraft:total_world_time":451052,"minecraft:interact_with_furnace":8,"minecraft:traded_with_villager":88,"minecraft:interact_with_stonecutter":1,"minecraft:interact_with_grindstone":1,"minecraft:sleep_in_bed":7,"minecraft:time_since_rest":12021,"minecraft:damage_taken":960,"minecraft:damage_dealt":4437,"minecraft:swim_one_cm":2542,"minecraft:player_kills":2,"minecraft:fly_one_cm":548403,"minecraft:open_chest":306,"minecraft:crouch_one_cm":77395,"minecraft:fall_one_cm":68601},"minecraft:mined":{"minecraft:mossy_cobblestone":17,"minecraft:cobbled_deepslate_stairs":1,"minecraft:oak_door":6,"minecraft:cobblestone_stairs":6,"minecraft:spruce_trapdoor":1,"minecraft:granite":6,"minecraft:grass_block":810,"minecraft:crimson_roots":2,"minecraft:spruce_leaves":61,"minecraft:carrots":105,"minecraft:iron_ore":6,"minecraft:fire":5,"minecraft:andesite":6,"minecraft:stripped_spruce_log":8,"minecraft:cobblestone_slab":1,"minecraft:dirt_path":51,"minecraft:rail":14,"minecraft:oak_stairs":267,"minecraft:stone":277,"minecraft:spruce_slab":2,"minecraft:podzol":11,"minecraft:smithing_table":1,"minecraft:oak_slab":4,"minecraft:redstone_block":4,"minecraft:glass_pane":11,"minecraft:crimson_nylium":3,"minecraft:crafting_table":2,"minecraft:torch":3,"minecraft:chest":2,"minecraft:rose_bush":1,"minecraft:lectern":647,"minecraft:tall_grass":2,"minecraft:nether_quartz_ore":178,"minecraft:copper_ore":2,"minecraft:cobblestone":279,"minecraft:deepslate_gold_ore":3,"minecraft:sugar_cane":106,"minecraft:oak_planks":205,"minecraft:wall_torch":5,"minecraft:powered_rail":8,"minecraft:spruce_log":338,"minecraft:grass":60,"minecraft:oak_log":162,"minecraft:coal_ore":44,"minecraft:dirt":290,"minecraft:stone_bricks":35,"minecraft:netherrack":269,"minecraft:oak_leaves":19,"minecraft:gold_ore":5,"minecraft:deepslate":40},"minecraft:dropped":{"minecraft:enchanted_book":1,"minecraft:oak_slab":1,"minecraft:lapis_lazuli":1,"minecraft:diamond_leggings":1,"minecraft:book":1,"minecraft:emerald":1,"minecraft:stick":21,"minecraft:torch":66,"minecraft:rose_bush":1,"minecraft:diamond_helmet":1,"minecraft:stone_axe":1,"minecraft:oak_planks":100,"minecraft:cooked_mutton":4,"minecraft:carrot":385,"minecraft:diamond_sword":2,"minecraft:diamond_chestplate":1,"minecraft:diamond_pickaxe":1,"minecraft:diamond_boots":1,"minecraft:lectern":1},"minecraft:killed":{"minecraft:spider":2,"minecraft:skeleton":360,"minecraft:iron_golem":1,"minecraft:zombie":210,"minecraft:villager":1,"minecraft:enderman":1},"minecraft:broken":{"minecraft:iron_shovel":1,"minecraft:iron_axe":3,"minecraft:iron_pickaxe":3},"minecraft:picked_up":{"minecraft:crafting_table":2,"minecraft:iron_chestplate":1,"minecraft:redstone_block":4,"minecraft:diamond_sword":1,"minecraft:stone_slab":5,"minecraft:oak_stairs":261,"minecraft:shield":1,"minecraft:string":1,"minecraft:iron_axe":2,"minecraft:iron_shovel":1,"minecraft:glass_pane":3,"minecraft:gold_nugget":1,"minecraft:cobbled_deepslate":20,"minecraft:rose_bush":1,"minecraft:oak_boat":3,"minecraft:cobblestone_slab":1,"minecraft:poppy":2,"minecraft:minecart":2,"minecraft:spruce_slab":3,"minecraft:iron_pickaxe":1,"minecraft:hopper_minecart":1,"minecraft:lectern":650,"minecraft:sugar_cane":192,"minecraft:chest":2,"minecraft:iron_boots":1,"minecraft:copper_ore":2,"minecraft:stick":42,"minecraft:raw_iron":6,"minecraft:stone":170,"minecraft:oak_door":10,"minecraft:torch":30,"minecraft:carrot":569,"minecraft:arrow":385,"minecraft:rotten_flesh":702,"minecraft:rail":15,"minecraft:cobblestone":387,"minecraft:water_bucket":1,"minecraft:andesite":6,"minecraft:potato":8,"minecraft:tuff":6,"minecraft:oak_log":168,"minecraft:cobbled_deepslate_stairs":1,"minecraft:cobblestone_stairs":6,"minecraft:paper":27,"minecraft:lapis_lazuli":4,"minecraft:dirt":1140,"minecraft:cooked_mutton":28,"minecraft:glass":48,"minecraft:bone":404,"minecraft:stone_bricks":34,"minecraft:bow":32,"minecraft:wheat_seeds":15,"minecraft:raw_gold":8,"minecraft:iron_ingot":7,"minecraft:fletching_table":1,"minecraft:powered_rail":10,"minecraft:iron_sword":1,"minecraft:oak_planks":331,"minecraft:book":3,"minecraft:oak_slab":12,"minecraft:cooked_porkchop":17,"minecraft:quartz":177,"minecraft:dandelion":2,"minecraft:gravel":17,"minecraft:stripped_spruce_log":8,"minecraft:spruce_sapling":35,"minecraft:grass_block":2,"minecraft:spruce_log":337,"minecraft:spider_eye":1,"minecraft:mossy_cobblestone":18,"minecraft:coal_ore":22,"minecraft:yellow_carpet":2,"minecraft:deepslate":19,"minecraft:chainmail_leggings":1,"minecraft:iron_helmet":1,"minecraft:granite":6,"minecraft:emerald":2,"minecraft:coal":52,"minecraft:netherrack":304,"minecraft:crimson_roots":2,"minecraft:diamond_pickaxe":1,"minecraft:ender_pearl":1}},"DataVersion":3465}