{"stats":{"minecraft:used":{"minecraft:iron_shovel":345,"minecraft:spruce_slab":6,"minecraft:bone_block":6,"minecraft:chest":14,"minecraft:shield":1,"minecraft:iron_sword":40,"minecraft:stone":1,"minecraft:netherrack":411,"minecraft:oak_door":9,"minecraft:torch":59,"minecraft:anvil":1,"minecraft:dirt":253,"minecraft:hopper":1,"minecraft:nether_bricks":35,"minecraft:tuff":7,"minecraft:carrot":202,"minecraft:stripped_spruce_log":8,"minecraft:iron_hoe":115,"minecraft:coal_ore":22,"minecraft:iron_axe":541,"minecraft:grass_block":3,"minecraft:hopper_minecart":3,"minecraft:stone_bricks":171,"minecraft:basalt":3,"minecraft:bow":43,"minecraft:furnace":4,"minecraft:minecart":2,"minecraft:cooked_mutton":24,"minecraft:water_bucket":1,"minecraft:powered_rail":10,"minecraft:baked_potato":35,"minecraft:oak_planks":454,"minecraft:sugar_cane":15,"minecraft:composter":1,"minecraft:redstone_block":4,"minecraft:diamond_axe":1198,"minecraft:cobblestone_slab":3,"minecraft:stonecutter":1,"minecraft:polished_blackstone_bricks":70,"minecraft:oak_slab":2,"minecraft:loom":1,"minecraft:blast_furnace":3,"minecraft:rail":18,"minecraft:crafting_table":3,"minecraft:spruce_log":81,"minecraft:cobbled_deepslate_stairs":22,"minecraft:ender_eye":18,"minecraft:diamond_pickaxe":1592,"minecraft:diamond_shovel":812,"minecraft:cracked_polished_blackstone_bricks":32,"minecraft:iron_pickaxe":552,"minecraft:lectern":649,"minecraft:spruce_trapdoor":2,"minecraft:gravel":3,"minecraft:spruce_sapling":12,"minecraft:stone_axe":100,"minecraft:diamond_sword":315,"minecraft:cobblestone":111,"minecraft:white_banner":1,"minecraft:oak_boat":10,"minecraft:bone_meal":5},"minecraft:crafted":{"minecraft:black_dye":9,"minecraft:oak_door":3,"minecraft:oak_planks":560,"minecraft:redstone":63,"minecraft:cobblestone_slab":6,"minecraft:blaze_powder":14,"minecraft:loom":1,"minecraft:bone_meal":138,"minecraft:hopper":2,"minecraft:diamond_helmet":2,"minecraft:bow":14,"minecraft:diamond_leggings":2,"minecraft:iron_axe":3,"minecraft:iron_hoe":1,"minecraft:spruce_slab":12,"minecraft:chest":12,"minecraft:diamond_boots":1,"minecraft:cobbled_deepslate_stairs":52,"minecraft:redstone_block":7,"minecraft:ender_eye":12,"minecraft:minecart":2,"minecraft:white_banner":3,"minecraft:oak_slab":6,"minecraft:emerald":108,"minecraft:crafting_table":2,"minecraft:spruce_planks":48,"minecraft:baked_potato":256,"minecraft:hopper_minecart":1,"minecraft:stone_axe":1,"minecraft:enchanted_book":7,"minecraft:air":0,"minecraft:blue_dye":2,"minecraft:oak_boat":2,"minecraft:spruce_trapdoor":2,"minecraft:book":7,"minecraft:paper":192,"minecraft:shield":1,"minecraft:stick":564,"minecraft:iron_pickaxe":2,"minecraft:iron_shovel":2,"minecraft:light_gray_dye":2,"minecraft:composter":1,"minecraft:lapis_lazuli":1,"minecraft:diamond_chestplate":1},"minecraft:custom":{"minecraft:interact_with_anvil":1,"minecraft:mob_kills":710,"minecraft:inspect_hopper":6,"minecraft:interact_with_crafting_table":53,"minecraft:open_barrel":4,"minecraft:leave_game":12,"minecraft:time_since_death":546340,"minecraft:climb_one_cm":36197,"minecraft:sprint_one_cm":782639,"minecraft:walk_one_cm":976547,"minecraft:damage_blocked_by_shield":35,"minecraft:drop":83,"minecraft:talked_to_villager":826,"minecraft:play_time":546340,"minecraft:sneak_time":35111,"minecraft:walk_under_water_one_cm":4078,"minecraft:boat_one_cm":37185,"minecraft:jump":4337,"minecraft:interact_with_blast_furnace":10,"minecraft:walk_on_water_one_cm":6532,"minecraft:enchant_item":10,"minecraft:total_world_time":546340,"minecraft:interact_with_furnace":13,"minecraft:traded_with_villager":116,"minecraft:interact_with_loom":7,"minecraft:interact_with_stonecutter":1,"minecraft:interact_with_grindstone":1,"minecraft:sleep_in_bed":8,"minecraft:time_since_rest":69013,"minecraft:damage_taken":1681,"minecraft:damage_dealt":16951,"minecraft:player_kills":2,"minecraft:swim_one_cm":8027,"minecraft:fly_one_cm":901622,"minecraft:open_chest":426,"minecraft:crouch_one_cm":111602,"minecraft:fall_one_cm":121337},"minecraft:mined":{"minecraft:mossy_cobblestone":27,"minecraft:cobbled_deepslate_stairs":1,"minecraft:oak_door":6,"minecraft:cobblestone_stairs":10,"minecraft:spruce_trapdoor":1,"minecraft:nether_bricks":35,"minecraft:granite":12,"minecraft:grass_block":813,"minecraft:cracked_polished_blackstone_bricks":50,"minecraft:crimson_roots":2,"minecraft:spruce_leaves":61,"minecraft:oxeye_daisy":2,"minecraft:spawner":1,"minecraft:polished_blackstone_bricks":138,"minecraft:furnace":4,"minecraft:carrots":122,"minecraft:iron_ore":11,"minecraft:fire":55,"minecraft:andesite":18,"minecraft:stripped_spruce_log":8,"minecraft:anvil":1,"minecraft:nether_brick_fence":24,"minecraft:dirt_path":51,"minecraft:cobblestone_slab":1,"minecraft:rail":14,"minecraft:oak_stairs":267,"minecraft:stone":362,"minecraft:white_banner":1,"minecraft:spruce_slab":2,"minecraft:podzol":11,"minecraft:smithing_table":1,"minecraft:oak_slab":4,"minecraft:redstone_block":4,"minecraft:glass_pane":17,"minecraft:crimson_nylium":4,"minecraft:basalt":8,"minecraft:cornflower":2,"minecraft:torch":3,"minecraft:crafting_table":3,"minecraft:blast_furnace":3,"minecraft:chest":5,"minecraft:rose_bush":1,"minecraft:lectern":647,"minecraft:nether_quartz_ore":226,"minecraft:copper_ore":2,"minecraft:tall_grass":2,"minecraft:cobblestone":359,"minecraft:oak_planks":314,"minecraft:deepslate_gold_ore":3,"minecraft:sugar_cane":176,"minecraft:polished_blackstone_brick_stairs":1,"minecraft:iron_door":16,"minecraft:wall_torch":5,"minecraft:powered_rail":8,"minecraft:birch_leaves":1,"minecraft:spruce_log":338,"minecraft:grass":62,"minecraft:oak_log":162,"minecraft:coal_ore":44,"minecraft:dirt":301,"minecraft:cobweb":36,"minecraft:cracked_stone_bricks":2,"minecraft:mossy_stone_bricks":2,"minecraft:stone_bricks":39,"minecraft:stonecutter":1,"minecraft:netherrack":519,"minecraft:gold_ore":5,"minecraft:deepslate":45,"minecraft:oak_leaves":22},"minecraft:dropped":{"minecraft:enchanted_book":1,"minecraft:oak_slab":1,"minecraft:lapis_lazuli":1,"minecraft:diamond_leggings":1,"minecraft:book":1,"minecraft:emerald":1,"minecraft:stick":21,"minecraft:torch":66,"minecraft:rose_bush":1,"minecraft:diamond_helmet":1,"minecraft:stone_axe":1,"minecraft:oak_planks":100,"minecraft:cooked_mutton":4,"minecraft:carrot":385,"minecraft:diamond_sword":2,"minecraft:diamond_chestplate":1,"minecraft:diamond_pickaxe":1,"minecraft:oak_boat":2,"minecraft:diamond_boots":1,"minecraft:lectern":1},"minecraft:killed":{"minecraft:spider":2,"minecraft:skeleton":360,"minecraft:magma_cube":1,"minecraft:piglin":4,"minecraft:iron_golem":1,"minecraft:squid":3,"minecraft:sheep":10,"minecraft:zombie":248,"minecraft:ghast":2,"minecraft:villager":1,"minecraft:enderman":6,"minecraft:blaze":47},"minecraft:broken":{"minecraft:iron_shovel":1,"minecraft:iron_axe":3,"minecraft:iron_pickaxe":3},"minecraft:picked_up":{"minecraft:iron_chestplate":1,"minecraft:crafting_table":3,"minecraft:redstone_block":4,"minecraft:nether_brick_fence":18,"minecraft:anvil":1,"minecraft:diamond_sword":1,"minecraft:stone_slab":5,"minecraft:oak_stairs":261,"minecraft:shield":1,"minecraft:cornflower":2,"minecraft:string":36,"minecraft:iron_axe":2,"minecraft:iron_shovel":1,"minecraft:glass_pane":9,"minecraft:cracked_stone_bricks":2,"minecraft:gold_nugget":1,"minecraft:cobbled_deepslate":20,"minecraft:oak_boat":13,"minecraft:rose_bush":1,"minecraft:cobblestone_slab":1,"minecraft:ender_eye":6,"minecraft:poppy":2,"minecraft:spruce_slab":3,"minecraft:iron_pickaxe":1,"minecraft:hopper_minecart":1,"minecraft:minecart":2,"minecraft:lectern":650,"minecraft:sugar_cane":273,"minecraft:chest":5,"minecraft:furnace":4,"minecraft:iron_boots":1,"minecraft:egg":2,"minecraft:copper_ore":2,"minecraft:stick":42,"minecraft:raw_iron":6,"minecraft:stone":255,"minecraft:oak_door":11,"minecraft:torch":32,"minecraft:polished_blackstone_bricks":70,"minecraft:carrot":648,"minecraft:redstone":6,"minecraft:arrow":385,"minecraft:rotten_flesh":796,"minecraft:nether_bricks":35,"minecraft:gold_ingot":3,"minecraft:blaze_rod":75,"minecraft:mutton":27,"minecraft:rail":15,"minecraft:white_wool":10,"minecraft:cobblestone":466,"minecraft:oxeye_daisy":2,"minecraft:basalt":3,"minecraft:iron_door":16,"minecraft:water_bucket":1,"minecraft:andesite":18,"minecraft:potato":8,"minecraft:tuff":6,"minecraft:oak_log":168,"minecraft:cobbled_deepslate_stairs":1,"minecraft:gunpowder":1,"minecraft:cobblestone_stairs":10,"minecraft:lapis_lazuli":4,"minecraft:dirt":1154,"minecraft:paper":27,"minecraft:white_banner":1,"minecraft:apple":3,"minecraft:cooked_mutton":28,"minecraft:glass":48,"minecraft:bone":404,"minecraft:stone_bricks":38,"minecraft:stonecutter":1,"minecraft:bow":32,"minecraft:wheat_seeds":15,"minecraft:raw_gold":8,"minecraft:iron_ingot":7,"minecraft:iron_ore":5,"minecraft:mossy_stone_bricks":2,"minecraft:fletching_table":1,"minecraft:powered_rail":10,"minecraft:iron_sword":1,"minecraft:oak_planks":437,"minecraft:book":3,"minecraft:oak_slab":12,"minecraft:nether_quartz_ore":48,"minecraft:cooked_porkchop":17,"minecraft:quartz":177,"minecraft:dandelion":2,"minecraft:gravel":17,"minecraft:stripped_spruce_log":8,"minecraft:spruce_sapling":35,"minecraft:blast_furnace":3,"minecraft:ink_sac":9,"minecraft:spruce_log":337,"minecraft:grass_block":4,"minecraft:spider_eye":1,"minecraft:mossy_cobblestone":28,"minecraft:coal_ore":22,"minecraft:yellow_carpet":2,"minecraft:deepslate":23,"minecraft:chainmail_leggings":1,"minecraft:cracked_polished_blackstone_bricks":32,"minecraft:iron_helmet":1,"minecraft:crossbow":1,"minecraft:granite":12,"minecraft:emerald":2,"minecraft:netherrack":537,"minecraft:crimson_nylium":1,"minecraft:coal":157,"minecraft:crimson_roots":2,"minecraft:diamond_pickaxe":1,"minecraft:ender_pearl":12}},"DataVersion":3465}