{"stats":{"minecraft:killed":{"minecraft:skeleton":1,"minecraft:zombie":72},"minecraft:dropped":{"minecraft:diamond_sword":1},"minecraft:crafted":{"minecraft:oak_door":3,"minecraft:oak_slab":6,"minecraft:oak_planks":160,"minecraft:cobblestone_slab":6,"minecraft:emerald":36,"minecraft:baked_potato":256,"minecraft:enchanted_book":3,"minecraft:air":0,"minecraft:oak_boat":2,"minecraft:book":3,"minecraft:bow":3,"minecraft:paper":183,"minecraft:iron_axe":1,"minecraft:stick":404,"minecraft:iron_pickaxe":1,"minecraft:iron_shovel":1},"minecraft:mined":{"minecraft:smithing_table":1,"minecraft:glass_pane":8,"minecraft:mossy_cobblestone":12,"minecraft:oak_door":4,"minecraft:cobblestone_stairs":6,"minecraft:granite":6,"minecraft:grass_block":88,"minecraft:lectern":292,"minecraft:tall_grass":2,"minecraft:cobblestone":205,"minecraft:deepslate_gold_ore":3,"minecraft:sugar_cane":106,"minecraft:oak_planks":144,"minecraft:wall_torch":4,"minecraft:iron_ore":6,"minecraft:spruce_log":2,"minecraft:andesite":6,"minecraft:grass":3,"minecraft:oak_log":34,"minecraft:dirt_path":7,"minecraft:oak_stairs":199,"minecraft:dirt":47,"minecraft:stone":107,"minecraft:netherrack":68,"minecraft:gold_ore":5,"minecraft:deepslate":20},"minecraft:used":{"minecraft:cooked_mutton":7,"minecraft:iron_shovel":134,"minecraft:oak_planks":135,"minecraft:iron_sword":9,"minecraft:cobblestone_slab":3,"minecraft:sugar_cane":9,"minecraft:diamond_axe":385,"minecraft:netherrack":84,"minecraft:oak_door":7,"minecraft:torch":9,"minecraft:dirt":1,"minecraft:spruce_log":30,"minecraft:diamond_pickaxe":230,"minecraft:iron_axe":321,"minecraft:iron_pickaxe":225,"minecraft:lectern":293,"minecraft:gravel":3,"minecraft:diamond_sword":5,"minecraft:cobblestone":11},"minecraft:custom":{"minecraft:interact_with_furnace":4,"minecraft:mob_kills":73,"minecraft:traded_with_villager":39,"minecraft:interact_with_crafting_table":18,"minecraft:open_barrel":1,"minecraft:leave_game":2,"minecraft:time_since_death":152185,"minecraft:sleep_in_bed":2,"minecraft:climb_one_cm":3534,"minecraft:time_since_rest":73497,"minecraft:sprint_one_cm":171606,"minecraft:damage_taken":125,"minecraft:walk_one_cm":207680,"minecraft:drop":1,"minecraft:damage_dealt":293,"minecraft:swim_one_cm":2542,"minecraft:talked_to_villager":339,"minecraft:fly_one_cm":233955,"minecraft:player_kills":1,"minecraft:open_chest":100,"minecraft:crouch_one_cm":22759,"minecraft:play_time":152185,"minecraft:sneak_time":6890,"minecraft:walk_under_water_one_cm":465,"minecraft:jump":910,"minecraft:interact_with_blast_furnace":2,"minecraft:walk_on_water_one_cm":431,"minecraft:total_world_time":152185,"minecraft:fall_one_cm":21215},"minecraft:broken":{"minecraft:iron_axe":2,"minecraft:iron_pickaxe":1},"minecraft:picked_up":{"minecraft:iron_chestplate":1,"minecraft:water_bucket":1,"minecraft:andesite":6,"minecraft:stone_slab":5,"minecraft:oak_stairs":193,"minecraft:potato":8,"minecraft:tuff":6,"minecraft:oak_log":34,"minecraft:shield":1,"minecraft:cobblestone_stairs":6,"minecraft:lapis_lazuli":3,"minecraft:dirt":139,"minecraft:paper":12,"minecraft:iron_axe":2,"minecraft:cooked_mutton":28,"minecraft:glass":48,"minecraft:bow":1,"minecraft:gold_nugget":1,"minecraft:cobbled_deepslate":20,"minecraft:raw_gold":8,"minecraft:iron_pickaxe":1,"minecraft:fletching_table":1,"minecraft:lectern":295,"minecraft:sugar_cane":192,"minecraft:oak_planks":198,"minecraft:iron_sword":1,"minecraft:iron_boots":1,"minecraft:oak_slab":8,"minecraft:raw_iron":6,"minecraft:cooked_porkchop":17,"minecraft:oak_door":8,"minecraft:torch":14,"minecraft:dandelion":2,"minecraft:gravel":17,"minecraft:carrot":2,"minecraft:spruce_log":2,"minecraft:mossy_cobblestone":13,"minecraft:yellow_carpet":2,"minecraft:rotten_flesh":381,"minecraft:chainmail_leggings":1,"minecraft:iron_helmet":1,"minecraft:granite":6,"minecraft:emerald":2,"minecraft:netherrack":104,"minecraft:cobblestone":313}},"DataVersion":3465}