{"stats":{"minecraft:killed":{"minecraft:skeleton":1,"minecraft:zombie":99},"minecraft:dropped":{"minecraft:stone_axe":1,"minecraft:diamond_sword":1,"minecraft:lectern":1},"minecraft:crafted":{"minecraft:oak_door":3,"minecraft:oak_slab":6,"minecraft:oak_planks":160,"minecraft:cobblestone_slab":6,"minecraft:emerald":36,"minecraft:baked_potato":256,"minecraft:stone_axe":1,"minecraft:enchanted_book":3,"minecraft:air":0,"minecraft:oak_boat":2,"minecraft:book":3,"minecraft:bow":3,"minecraft:paper":183,"minecraft:iron_axe":1,"minecraft:stick":404,"minecraft:iron_pickaxe":1,"minecraft:iron_shovel":1},"minecraft:mined":{"minecraft:smithing_table":1,"minecraft:glass_pane":8,"minecraft:mossy_cobblestone":12,"minecraft:oak_door":4,"minecraft:cobblestone_stairs":6,"minecraft:granite":6,"minecraft:grass_block":89,"minecraft:lectern":584,"minecraft:tall_grass":2,"minecraft:cobblestone":205,"minecraft:deepslate_gold_ore":3,"minecraft:sugar_cane":106,"minecraft:oak_planks":144,"minecraft:wall_torch":4,"minecraft:iron_ore":6,"minecraft:spruce_log":2,"minecraft:andesite":6,"minecraft:grass":3,"minecraft:oak_log":34,"minecraft:dirt_path":7,"minecraft:oak_stairs":199,"minecraft:dirt":50,"minecraft:stone":107,"minecraft:netherrack":68,"minecraft:gold_ore":5,"minecraft:deepslate":20},"minecraft:used":{"minecraft:cooked_mutton":8,"minecraft:iron_shovel":137,"minecraft:oak_planks":135,"minecraft:iron_sword":15,"minecraft:cobblestone_slab":3,"minecraft:sugar_cane":9,"minecraft:diamond_axe":385,"minecraft:netherrack":84,"minecraft:oak_door":7,"minecraft:torch":9,"minecraft:dirt":1,"minecraft:spruce_log":30,"minecraft:diamond_pickaxe":230,"minecraft:iron_axe":513,"minecraft:iron_pickaxe":225,"minecraft:lectern":586,"minecraft:gravel":3,"minecraft:stone_axe":100,"minecraft:diamond_sword":8,"minecraft:cobblestone":12},"minecraft:custom":{"minecraft:interact_with_furnace":4,"minecraft:mob_kills":100,"minecraft:traded_with_villager":39,"minecraft:interact_with_crafting_table":19,"minecraft:open_barrel":1,"minecraft:leave_game":2,"minecraft:time_since_death":200185,"minecraft:sleep_in_bed":2,"minecraft:climb_one_cm":6406,"minecraft:time_since_rest":121497,"minecraft:sprint_one_cm":172775,"minecraft:damage_taken":229,"minecraft:walk_one_cm":221542,"minecraft:drop":3,"minecraft:damage_dealt":705,"minecraft:swim_one_cm":2542,"minecraft:talked_to_villager":677,"minecraft:fly_one_cm":235658,"minecraft:player_kills":1,"minecraft:open_chest":102,"minecraft:crouch_one_cm":26288,"minecraft:play_time":200185,"minecraft:sneak_time":7862,"minecraft:walk_under_water_one_cm":465,"minecraft:jump":949,"minecraft:interact_with_blast_furnace":2,"minecraft:walk_on_water_one_cm":432,"minecraft:total_world_time":200185,"minecraft:fall_one_cm":21916},"minecraft:broken":{"minecraft:iron_axe":3,"minecraft:iron_pickaxe":1},"minecraft:picked_up":{"minecraft:iron_chestplate":1,"minecraft:water_bucket":1,"minecraft:andesite":6,"minecraft:diamond_sword":1,"minecraft:stone_slab":5,"minecraft:oak_stairs":193,"minecraft:potato":8,"minecraft:tuff":6,"minecraft:oak_log":34,"minecraft:shield":1,"minecraft:cobblestone_stairs":6,"minecraft:lapis_lazuli":3,"minecraft:dirt":143,"minecraft:paper":12,"minecraft:iron_axe":2,"minecraft:cooked_mutton":28,"minecraft:glass":48,"minecraft:bow":1,"minecraft:gold_nugget":1,"minecraft:cobbled_deepslate":20,"minecraft:raw_gold":8,"minecraft:iron_ingot":1,"minecraft:iron_pickaxe":1,"minecraft:fletching_table":1,"minecraft:lectern":587,"minecraft:sugar_cane":192,"minecraft:oak_planks":198,"minecraft:iron_sword":1,"minecraft:iron_boots":1,"minecraft:oak_slab":8,"minecraft:raw_iron":6,"minecraft:cooked_porkchop":17,"minecraft:oak_door":8,"minecraft:torch":14,"minecraft:dandelion":2,"minecraft:gravel":17,"minecraft:carrot":2,"minecraft:spruce_log":2,"minecraft:mossy_cobblestone":13,"minecraft:yellow_carpet":2,"minecraft:rotten_flesh":447,"minecraft:chainmail_leggings":1,"minecraft:iron_helmet":1,"minecraft:granite":6,"minecraft:emerald":2,"minecraft:netherrack":104,"minecraft:cobblestone":313}},"DataVersion":3465}