{"stats":{"minecraft:killed":{"minecraft:zombie":1},"minecraft:killed_by":{"minecraft:zombie":1},"minecraft:dropped":{"minecraft:wheat_seeds":1},"minecraft:mined":{"minecraft:birch_log":6,"minecraft:grass":38,"minecraft:grass_block":2,"minecraft:oak_log":11,"minecraft:dirt":1,"minecraft:tall_grass":4,"minecraft:stone":42,"minecraft:oak_leaves":8},"minecraft:crafted":{"minecraft:oak_planks":44,"minecraft:crafting_table":1,"minecraft:stick":16,"minecraft:wooden_pickaxe":1,"minecraft:stone_pickaxe":1,"minecraft:wooden_axe":1,"minecraft:furnace":1,"minecraft:birch_planks":20},"minecraft:used":{"minecraft:stone_pickaxe":34,"minecraft:wooden_pickaxe":8,"minecraft:crafting_table":1,"minecraft:furnace":1,"minecraft:birch_log":1,"minecraft:egg":1},"minecraft:custom":{"minecraft:time_since_rest":8640,"minecraft:interact_with_furnace":1,"minecraft:sprint_one_cm":28671,"minecraft:damage_taken":250,"minecraft:walk_one_cm":37098,"minecraft:mob_kills":1,"minecraft:drop":1,"minecraft:animals_bred":3,"minecraft:damage_dealt":331,"minecraft:interact_with_crafting_table":6,"minecraft:fly_one_cm":3413,"minecraft:play_time":10418,"minecraft:deaths":1,"minecraft:walk_under_water_one_cm":3224,"minecraft:jump":122,"minecraft:walk_on_water_one_cm":1634,"minecraft:time_since_death":8606,"minecraft:total_world_time":10418,"minecraft:fall_one_cm":418},"minecraft:picked_up":{"minecraft:birch_log":6,"minecraft:oak_log":11,"minecraft:dirt":3,"minecraft:wheat_seeds":9,"minecraft:oak_sapling":2,"minecraft:cobblestone":30,"minecraft:egg":1}},"DataVersion":3465}