{"stats":{"minecraft:killed":{"minecraft:zombie":1},"minecraft:killed_by":{"minecraft:zombie":1},"minecraft:dropped":{"minecraft:wheat_seeds":1},"minecraft:mined":{"minecraft:magma_block":3,"minecraft:birch_log":6,"minecraft:grass":67,"minecraft:coal_ore":4,"minecraft:grass_block":5,"minecraft:oak_log":23,"minecraft:sunflower":7,"minecraft:dirt":5,"minecraft:tall_grass":15,"minecraft:stone":57,"minecraft:oak_leaves":10},"minecraft:crafted":{"minecraft:oak_door":3,"minecraft:oak_planks":44,"minecraft:oak_sign":3,"minecraft:charcoal":13,"minecraft:crafting_table":2,"minecraft:stick":16,"minecraft:wooden_pickaxe":1,"minecraft:stone_pickaxe":1,"minecraft:wooden_axe":1,"minecraft:stone_sword":1,"minecraft:furnace":1,"minecraft:torch":12,"minecraft:birch_planks":20},"minecraft:used":{"minecraft:wooden_axe":61,"minecraft:stone_pickaxe":59,"minecraft:oak_sign":1,"minecraft:wooden_pickaxe":8,"minecraft:oak_door":3,"minecraft:torch":12,"minecraft:magma_block":2,"minecraft:crafting_table":2,"minecraft:oak_sapling":2,"minecraft:furnace":1,"minecraft:birch_log":1,"minecraft:egg":1,"minecraft:cooked_beef":1},"minecraft:custom":{"minecraft:time_since_rest":20640,"minecraft:interact_with_furnace":9,"minecraft:sprint_one_cm":45664,"minecraft:damage_taken":420,"minecraft:walk_one_cm":60182,"minecraft:mob_kills":1,"minecraft:drop":1,"minecraft:animals_bred":3,"minecraft:damage_dealt":331,"minecraft:interact_with_crafting_table":14,"minecraft:fly_one_cm":5842,"minecraft:open_chest":1,"minecraft:play_time":22418,"minecraft:deaths":1,"minecraft:walk_under_water_one_cm":10929,"minecraft:jump":200,"minecraft:walk_on_water_one_cm":6553,"minecraft:time_since_death":20606,"minecraft:total_world_time":22418,"minecraft:fall_one_cm":2568},"minecraft:picked_up":{"minecraft:birch_log":6,"minecraft:magma_block":4,"minecraft:oak_door":1,"minecraft:oak_log":24,"minecraft:dirt":7,"minecraft:wheat_seeds":10,"minecraft:oak_sapling":2,"minecraft:coal":5,"minecraft:sunflower":7,"minecraft:cobblestone":43,"minecraft:egg":1}},"DataVersion":3465}