{"stats":{"minecraft:killed":{"minecraft:zombie":3},"minecraft:killed_by":{"minecraft:zombie":1},"minecraft:dropped":{"minecraft:wheat_seeds":1},"minecraft:mined":{"minecraft:magma_block":3,"minecraft:iron_ore":2,"minecraft:birch_log":6,"minecraft:grass":67,"minecraft:coal_ore":4,"minecraft:grass_block":5,"minecraft:oak_log":23,"minecraft:sunflower":7,"minecraft:dirt":5,"minecraft:tall_grass":15,"minecraft:stone":57,"minecraft:oak_leaves":10},"minecraft:crafted":{"minecraft:oak_door":3,"minecraft:oak_planks":44,"minecraft:oak_sign":3,"minecraft:charcoal":13,"minecraft:crafting_table":2,"minecraft:stick":16,"minecraft:wooden_pickaxe":1,"minecraft:stone_pickaxe":1,"minecraft:wooden_axe":1,"minecraft:stone_sword":1,"minecraft:furnace":1,"minecraft:torch":24,"minecraft:birch_planks":20},"minecraft:used":{"minecraft:wooden_axe":61,"minecraft:stone_sword":8,"minecraft:stone_pickaxe":62,"minecraft:oak_sign":1,"minecraft:wooden_pickaxe":8,"minecraft:oak_door":3,"minecraft:torch":24,"minecraft:cobblestone":23,"minecraft:magma_block":2,"minecraft:crafting_table":2,"minecraft:oak_sapling":2,"minecraft:furnace":1,"minecraft:birch_log":1,"minecraft:egg":1,"minecraft:cooked_beef":1},"minecraft:custom":{"minecraft:time_since_rest":32640,"minecraft:interact_with_furnace":11,"minecraft:sprint_one_cm":59981,"minecraft:damage_taken":455,"minecraft:walk_one_cm":90494,"minecraft:mob_kills":3,"minecraft:drop":1,"minecraft:animals_bred":3,"minecraft:damage_dealt":702,"minecraft:interact_with_crafting_table":17,"minecraft:fly_one_cm":6487,"minecraft:open_chest":1,"minecraft:play_time":34418,"minecraft:deaths":1,"minecraft:sneak_time":21,"minecraft:walk_under_water_one_cm":21778,"minecraft:jump":285,"minecraft:walk_on_water_one_cm":35243,"minecraft:time_since_death":32606,"minecraft:total_world_time":34418,"minecraft:fall_one_cm":3135},"minecraft:picked_up":{"minecraft:birch_log":6,"minecraft:raw_iron":2,"minecraft:magma_block":4,"minecraft:oak_door":1,"minecraft:oak_log":24,"minecraft:dirt":7,"minecraft:wheat_seeds":10,"minecraft:oak_sapling":2,"minecraft:coal":7,"minecraft:sunflower":7,"minecraft:cobblestone":46,"minecraft:egg":1}},"DataVersion":3465}