{"stats":{"minecraft:killed_by":{"minecraft:zombie":1,"minecraft:skeleton":1},"minecraft:mined":{"minecraft:grass":17},"minecraft:picked_up":{"minecraft:wheat_seeds":2},"minecraft:custom":{"minecraft:jump":28,"minecraft:open_chest":1,"minecraft:time_since_rest":5998,"minecraft:walk_one_cm":1706,"minecraft:leave_game":2,"minecraft:play_time":13067,"minecraft:sprint_one_cm":7118,"minecraft:damage_taken":510,"minecraft:time_since_death":0,"minecraft:deaths":2,"minecraft:total_world_time":13067,"minecraft:fly_one_cm":4996}},"DataVersion":3465}