{"stats":{"minecraft:picked_up":{"minecraft:stripped_oak_log":2,"minecraft:crafting_table":1,"minecraft:cooked_beef":2,"minecraft:ladder":13,"minecraft:leather":4,"minecraft:flint":6,"minecraft:oak_log":119,"minecraft:brewing_stand":1,"minecraft:dirt":3,"minecraft:bone":2,"minecraft:beef":15,"minecraft:iron_ingot":5,"minecraft:oak_boat":1,"minecraft:fletching_table":2,"minecraft:lectern":1,"minecraft:sugar_cane":13,"minecraft:oak_planks":1,"minecraft:book":12,"minecraft:stick":3,"minecraft:oak_door":6,"minecraft:pumpkin":3,"minecraft:torch":2,"minecraft:gravel":23,"minecraft:white_bed":3,"minecraft:green_carpet":2,"minecraft:arrow":5,"minecraft:rotten_flesh":2,"minecraft:hay_block":35,"minecraft:oak_sapling":6,"minecraft:cobblestone":48},"minecraft:killed":{"minecraft:skeleton":3,"minecraft:zombie":1,"minecraft:cow":7},"minecraft:custom":{"minecraft:interact_with_furnace":3,"minecraft:mob_kills":11,"minecraft:traded_with_villager":5,"minecraft:interact_with_crafting_table":15,"minecraft:leave_game":3,"minecraft:time_since_death":31447,"minecraft:sleep_in_bed":1,"minecraft:climb_one_cm":3859,"minecraft:time_since_rest":15921,"minecraft:sprint_one_cm":66254,"minecraft:damage_taken":60,"minecraft:walk_one_cm":112279,"minecraft:damage_blocked_by_shield":115,"minecraft:damage_dealt":1632,"minecraft:swim_one_cm":2385,"minecraft:talked_to_villager":6,"minecraft:fly_one_cm":95130,"minecraft:open_chest":6,"minecraft:crouch_one_cm":6929,"minecraft:play_time":31447,"minecraft:sneak_time":1506,"minecraft:walk_under_water_one_cm":888,"minecraft:boat_one_cm":76131,"minecraft:jump":403,"minecraft:interact_with_brewingstand":1,"minecraft:walk_on_water_one_cm":1922,"minecraft:total_world_time":31447,"minecraft:fall_one_cm":9562},"minecraft:crafted":{"minecraft:oak_planks":468,"minecraft:oak_slab":6,"minecraft:emerald":5,"minecraft:crafting_table":2,"minecraft:wooden_pickaxe":1,"minecraft:fletching_table":2,"minecraft:bucket":1,"minecraft:stone_axe":2,"minecraft:air":0,"minecraft:oak_boat":1,"minecraft:shield":1,"minecraft:stick":188,"minecraft:stone_pickaxe":1,"minecraft:wooden_axe":1,"minecraft:chest":1},"minecraft:used":{"minecraft:stone_pickaxe":29,"minecraft:oak_planks":24,"minecraft:ladder":3,"minecraft:wooden_pickaxe":20,"minecraft:chest":1,"minecraft:shield":4,"minecraft:fletching_table":3,"minecraft:torch":2,"minecraft:dirt":3,"minecraft:crafting_table":3,"minecraft:white_bed":2,"minecraft:wooden_axe":4,"minecraft:bread":3,"minecraft:gravel":23,"minecraft:stone_axe":162,"minecraft:green_carpet":2,"minecraft:cobblestone":26,"minecraft:oak_boat":1,"minecraft:cooked_beef":1},"minecraft:mined":{"minecraft:white_bed":3,"minecraft:oak_door":6,"minecraft:brewing_stand":1,"minecraft:crafting_table":1,"minecraft:ladder":13,"minecraft:lectern":1,"minecraft:tall_grass":1,"minecraft:sugar_cane":5,"minecraft:oak_planks":1,"minecraft:wall_torch":2,"minecraft:hay_block":35,"minecraft:pumpkin":3,"minecraft:fletching_table":2,"minecraft:grass":4,"minecraft:bookshelf":4,"minecraft:oak_log":119,"minecraft:gravel":29,"minecraft:dirt":3,"minecraft:green_carpet":2,"minecraft:stripped_oak_log":2,"minecraft:stone":48,"minecraft:oak_leaves":27}},"DataVersion":3465}