{"stats":{"minecraft:killed":{"minecraft:cave_spider":5,"minecraft:spider":1,"minecraft:slime":4,"minecraft:skeleton":22,"minecraft:chicken":9,"minecraft:pig":19,"minecraft:zombie_villager":1,"minecraft:creeper":2,"minecraft:sheep":12,"minecraft:zombie":1094,"minecraft:ghast":1,"minecraft:enderman":1,"minecraft:blaze":8,"minecraft:cow":33},"minecraft:killed_by":{"minecraft:enderman":1,"minecraft:blaze":1,"minecraft:zombie":1},"minecraft:dropped":{"minecraft:iron_ingot":5,"minecraft:bread":26,"minecraft:lapis_lazuli":39,"minecraft:cooked_beef":4,"minecraft:diamond":27,"minecraft:cobblestone":1,"minecraft:coal":34,"minecraft:emerald":2,"minecraft:oxeye_daisy":2,"minecraft:torch":1,"minecraft:bucket":1,"minecraft:redstone":26,"minecraft:gravel":2,"minecraft:blaze_rod":1,"minecraft:cobbled_deepslate":87,"minecraft:raw_copper":1,"minecraft:tuff":9,"minecraft:raw_iron":82,"minecraft:rotten_flesh":201,"minecraft:diamond_shovel":1,"minecraft:stone_slab":5,"minecraft:azure_bluet":1,"minecraft:carrot":262,"minecraft:blast_furnace":1,"minecraft:diamond_sword":2,"minecraft:potato":3,"minecraft:coal_ore":65,"minecraft:diamond_pickaxe":2,"minecraft:bow":1,"minecraft:beef":4,"minecraft:raw_gold":16,"minecraft:egg":2},"minecraft:mined":{"minecraft:large_amethyst_bud":1,"minecraft:tuff":181,"minecraft:white_bed":11,"minecraft:mossy_cobblestone":93,"minecraft:deepslate_diamond_ore":62,"minecraft:cobblestone_stairs":8,"minecraft:cave_vines_plant":1,"minecraft:granite":4,"minecraft:grass_block":157,"minecraft:composter":3,"minecraft:moss_block":4,"minecraft:oxeye_daisy":1,"minecraft:nether_wart":20,"minecraft:spawner":3,"minecraft:hay_block":34,"minecraft:glowstone":5,"minecraft:carrots":127,"minecraft:furnace":5,"minecraft:iron_ore":108,"minecraft:barrel":1,"minecraft:fire":8,"minecraft:cobbled_deepslate":16,"minecraft:andesite":14,"minecraft:pumpkin":29,"minecraft:deepslate_lapis_ore":18,"minecraft:fletching_table":7,"minecraft:nether_brick_stairs":1,"minecraft:azure_bluet":1,"minecraft:bell":3,"minecraft:potatoes":10,"minecraft:cave_vines":2,"minecraft:deepslate_iron_ore":110,"minecraft:dirt_path":52,"minecraft:oak_stairs":5,"minecraft:stone":242,"minecraft:deepslate_redstone_ore":7,"minecraft:oak_slab":4,"minecraft:soul_sand":20,"minecraft:dandelion":8,"minecraft:clay":8,"minecraft:oak_fence":3,"minecraft:cornflower":3,"minecraft:crafting_table":12,"minecraft:torch":16,"minecraft:blast_furnace":2,"minecraft:calcite":26,"minecraft:chest":4,"minecraft:tall_grass":4,"minecraft:lectern":107,"minecraft:cobblestone":265,"minecraft:deepslate_gold_ore":50,"minecraft:lapis_ore":4,"minecraft:oak_planks":29,"minecraft:sugar_cane":1,"minecraft:wall_torch":27,"minecraft:amethyst_block":4,"minecraft:diorite":15,"minecraft:white_terracotta":3,"minecraft:birch_log":10,"minecraft:wheat":36,"minecraft:stripped_oak_wood":1,"minecraft:yellow_bed":10,"minecraft:grass":103,"minecraft:coal_ore":264,"minecraft:oak_log":110,"minecraft:beetroots":5,"minecraft:gravel":81,"minecraft:dirt":237,"minecraft:cobweb":28,"minecraft:netherrack":4,"minecraft:deepslate":3000,"minecraft:oak_leaves":5},"minecraft:crafted":{"minecraft:grindstone":1,"minecraft:oak_planks":316,"minecraft:stone_shovel":1,"minecraft:cooked_chicken":2,"minecraft:furnace":3,"minecraft:stone":3,"minecraft:iron_boots":4,"minecraft:iron_axe":2,"minecraft:stone_pickaxe":1,"minecraft:chest":2,"minecraft:oak_button":24,"minecraft:wheat":306,"minecraft:cooked_beef":12,"minecraft:oak_slab":6,"minecraft:diamond_sword":3,"minecraft:emerald":23,"minecraft:cooked_porkchop":25,"minecraft:crafting_table":7,"minecraft:wooden_pickaxe":1,"minecraft:iron_helmet":3,"minecraft:iron_sword":3,"minecraft:bucket":1,"minecraft:birch_planks":16,"minecraft:brewing_stand":2,"minecraft:stone_axe":1,"minecraft:bread":102,"minecraft:air":0,"minecraft:oak_boat":7,"minecraft:iron_chestplate":3,"minecraft:diamond_pickaxe":2,"minecraft:charcoal":4,"minecraft:shield":3,"minecraft:stick":164,"minecraft:stone_slab":6,"minecraft:iron_ingot":127,"minecraft:iron_pickaxe":10,"minecraft:wooden_axe":1,"minecraft:iron_shovel":2,"minecraft:iron_leggings":3,"minecraft:white_bed":1,"minecraft:torch":428},"minecraft:used":{"minecraft:stone_sword":125,"minecraft:iron_shovel":367,"minecraft:stone_shovel":88,"minecraft:ladder":24,"minecraft:chest":5,"minecraft:shield":78,"minecraft:iron_sword":318,"minecraft:stone":4,"minecraft:bell":1,"minecraft:cooked_chicken":2,"minecraft:iron_chestplate":1,"minecraft:torch":598,"minecraft:brewing_stand":2,"minecraft:dirt":394,"minecraft:tuff":4,"minecraft:granite":3,"minecraft:carrot":186,"minecraft:wooden_axe":38,"minecraft:iron_axe":359,"minecraft:furnace":6,"minecraft:cooked_beef":8,"minecraft:cobbled_deepslate":6,"minecraft:calcite":9,"minecraft:water_bucket":47,"minecraft:diorite":2,"minecraft:oak_planks":10,"minecraft:stone_pickaxe":63,"minecraft:wooden_pickaxe":28,"minecraft:fletching_table":8,"minecraft:oak_slab":6,"minecraft:blast_furnace":1,"minecraft:crafting_table":19,"minecraft:white_bed":8,"minecraft:oak_log":2,"minecraft:diamond_pickaxe":2162,"minecraft:apple":4,"minecraft:oak_button":24,"minecraft:bread":84,"minecraft:iron_pickaxe":2371,"minecraft:lectern":108,"minecraft:deepslate":370,"minecraft:gravel":7,"minecraft:stone_axe":114,"minecraft:diamond_sword":78,"minecraft:cobblestone":148,"minecraft:grindstone":1,"minecraft:cooked_porkchop":8,"minecraft:andesite":2,"minecraft:bucket":48,"minecraft:yellow_bed":4,"minecraft:oak_boat":13},"minecraft:custom":{"minecraft:interact_with_anvil":1,"minecraft:mob_kills":1221,"minecraft:interact_with_crafting_table":63,"minecraft:open_barrel":3,"minecraft:bell_ring":1,"minecraft:leave_game":8,"minecraft:time_since_death":476502,"minecraft:climb_one_cm":133735,"minecraft:sprint_one_cm":1314579,"minecraft:walk_one_cm":2093914,"minecraft:damage_blocked_by_shield":1745,"minecraft:drop":57,"minecraft:talked_to_villager":172,"minecraft:play_time":918967,"minecraft:sneak_time":4081,"minecraft:deaths":5,"minecraft:walk_under_water_one_cm":22878,"minecraft:boat_one_cm":103982,"minecraft:jump":6093,"minecraft:interact_with_blast_furnace":7,"minecraft:walk_on_water_one_cm":80569,"minecraft:enchant_item":12,"minecraft:total_world_time":918967,"minecraft:interact_with_furnace":32,"minecraft:traded_with_villager":24,"minecraft:interact_with_grindstone":4,"minecraft:sleep_in_bed":15,"minecraft:time_since_rest":115184,"minecraft:damage_taken":5173,"minecraft:damage_dealt":20291,"minecraft:swim_one_cm":4558,"minecraft:fly_one_cm":1443551,"minecraft:open_chest":140,"minecraft:crouch_one_cm":4201,"minecraft:fall_one_cm":107458},"minecraft:broken":{"minecraft:iron_shovel":1,"minecraft:stone_sword":1,"minecraft:stone_axe":1,"minecraft:iron_pickaxe":8},"minecraft:picked_up":{"minecraft:wooden_axe":1,"minecraft:iron_chestplate":3,"minecraft:crafting_table":13,"minecraft:wheat":37,"minecraft:azure_bluet":1,"minecraft:chicken":17,"minecraft:ladder":36,"minecraft:nether_wart":40,"minecraft:clay_ball":10,"minecraft:diamond_sword":1,"minecraft:wooden_pickaxe":1,"minecraft:oak_stairs":4,"minecraft:diamond_horse_armor":1,"minecraft:shield":3,"minecraft:amethyst_block":10,"minecraft:cornflower":3,"minecraft:string":36,"minecraft:raw_copper":1,"minecraft:iron_axe":2,"minecraft:deepslate_lapis_ore":9,"minecraft:iron_leggings":2,"minecraft:iron_shovel":2,"minecraft:beetroot":5,"minecraft:cobbled_deepslate":1160,"minecraft:bucket":1,"minecraft:deepslate_diamond_ore":24,"minecraft:beef":97,"minecraft:oak_boat":12,"minecraft:calcite":51,"minecraft:poppy":1,"minecraft:iron_pickaxe":7,"minecraft:light_gray_wool":2,"minecraft:lectern":109,"minecraft:sugar_cane":3,"minecraft:chest":4,"minecraft:deepslate_iron_ore":13,"minecraft:furnace":5,"minecraft:iron_boots":3,"minecraft:egg":9,"minecraft:raw_iron":231,"minecraft:stick":9,"minecraft:stone":35,"minecraft:composter":3,"minecraft:oak_fence":3,"minecraft:torch":218,"minecraft:porkchop":49,"minecraft:diorite":15,"minecraft:carrot":469,"minecraft:redstone":26,"minecraft:stone_sword":2,"minecraft:arrow":51,"minecraft:rotten_flesh":2522,"minecraft:beetroot_seeds":15,"minecraft:hay_block":57,"minecraft:glowstone":10,"minecraft:saddle":1,"minecraft:white_terracotta":3,"minecraft:blaze_rod":3,"minecraft:glow_berries":1,"minecraft:mutton":32,"minecraft:crimson_slab":2,"minecraft:white_wool":14,"minecraft:cobblestone":553,"minecraft:oxeye_daisy":2,"minecraft:birch_log":16,"minecraft:feather":17,"minecraft:water_bucket":2,"minecraft:andesite":14,"minecraft:leather":53,"minecraft:potato":54,"minecraft:flint":2,"minecraft:tuff":126,"minecraft:oak_log":164,"minecraft:yellow_bed":6,"minecraft:gunpowder":1,"minecraft:cobblestone_stairs":8,"minecraft:lapis_lazuli":134,"minecraft:dirt":473,"minecraft:bone":27,"minecraft:apple":16,"minecraft:bow":5,"minecraft:wheat_seeds":125,"minecraft:raw_gold":16,"minecraft:bell":4,"minecraft:iron_ingot":138,"minecraft:stone_pickaxe":1,"minecraft:iron_ore":26,"minecraft:stripped_oak_wood":1,"minecraft:fletching_table":8,"minecraft:moss_block":3,"minecraft:iron_sword":2,"minecraft:oak_planks":88,"minecraft:soul_sand":40,"minecraft:ghast_tear":1,"minecraft:oak_slab":4,"minecraft:pumpkin":49,"minecraft:dandelion":10,"minecraft:gravel":76,"minecraft:nether_brick_stairs":2,"minecraft:blast_furnace":2,"minecraft:white_bed":8,"minecraft:grass_block":2,"minecraft:barrel":1,"minecraft:mossy_cobblestone":85,"minecraft:diamond_shovel":1,"minecraft:coal_ore":104,"minecraft:clay":7,"minecraft:slime_ball":2,"minecraft:deepslate":1456,"minecraft:diamond":45,"minecraft:stone_axe":2,"minecraft:deepslate_gold_ore":34,"minecraft:iron_helmet":2,"minecraft:granite":4,"minecraft:gray_wool":2,"minecraft:bread":70,"minecraft:oak_sapling":8,"minecraft:netherrack":8,"minecraft:coal":309,"minecraft:oak_leaves":2,"minecraft:diamond_pickaxe":3}},"DataVersion":3465}