{"stats":{"minecraft:custom":{"minecraft:interact_with_crafting_table":77,"minecraft:open_barrel":7,"minecraft:bell_ring":1,"minecraft:leave_game":20,"minecraft:time_since_death":404965,"minecraft:sprint_one_cm":1790861,"minecraft:damage_blocked_by_shield":1745,"minecraft:drop":83,"minecraft:talked_to_villager":387,"minecraft:play_time":1531969,"minecraft:deaths":7,"minecraft:jump":7885,"minecraft:walk_on_water_one_cm":118932,"minecraft:enchant_item":24,"minecraft:interact_with_furnace":45,"minecraft:traded_with_villager":26,"minecraft:sleep_in_bed":21,"minecraft:damage_dealt":23407,"minecraft:crouch_one_cm":11339,"minecraft:mob_kills":2946,"minecraft:interact_with_anvil":3,"minecraft:climb_one_cm":225047,"minecraft:walk_one_cm":2470229,"minecraft:sneak_time":4508,"minecraft:walk_under_water_one_cm":40459,"minecraft:boat_one_cm":265973,"minecraft:interact_with_blast_furnace":7,"minecraft:total_world_time":1531969,"minecraft:interact_with_grindstone":15,"minecraft:time_since_rest":17930,"minecraft:damage_taken":6364,"minecraft:swim_one_cm":11054,"minecraft:fly_one_cm":1751459,"minecraft:open_chest":221,"minecraft:fall_one_cm":141544},"minecraft:broken":{"minecraft:iron_shovel":1,"minecraft:stone_axe":1,"minecraft:stone_shovel":1,"minecraft:stone_sword":1,"minecraft:iron_axe":1,"minecraft:iron_pickaxe":8},"minecraft:crafted":{"minecraft:grindstone":1,"minecraft:oak_planks":444,"minecraft:cooked_chicken":2,"minecraft:stone":3,"minecraft:bookshelf":1,"minecraft:bow":1,"minecraft:iron_boots":4,"minecraft:chest":3,"minecraft:oak_button":24,"minecraft:oak_slab":18,"minecraft:emerald":23,"minecraft:cooked_porkchop":25,"minecraft:crafting_table":9,"minecraft:wooden_pickaxe":2,"minecraft:iron_helmet":3,"minecraft:birch_planks":16,"minecraft:brewing_stand":2,"minecraft:charcoal":7,"minecraft:iron_chestplate":3,"minecraft:paper":15,"minecraft:diamond_pickaxe":2,"minecraft:shield":4,"minecraft:stick":208,"minecraft:stone_slab":6,"minecraft:iron_ingot":136,"minecraft:iron_pickaxe":11,"minecraft:oak_door":3,"minecraft:stone_shovel":1,"minecraft:furnace":5,"minecraft:iron_axe":4,"minecraft:stone_pickaxe":2,"minecraft:wheat":306,"minecraft:cooked_beef":19,"minecraft:diamond_sword":3,"minecraft:iron_sword":3,"minecraft:bucket":1,"minecraft:stone_axe":2,"minecraft:enchanted_book":1,"minecraft:bread":102,"minecraft:air":0,"minecraft:oak_boat":8,"minecraft:wooden_axe":2,"minecraft:iron_shovel":2,"minecraft:iron_leggings":3,"minecraft:white_bed":1,"minecraft:torch":540},"minecraft:picked_up":{"minecraft:wooden_axe":1,"minecraft:wheat":37,"minecraft:iron_chestplate":4,"minecraft:diamond_sword":6,"minecraft:oak_stairs":4,"minecraft:enchanted_book":2,"minecraft:amethyst_block":10,"minecraft:string":36,"minecraft:raw_copper":1,"minecraft:deepslate_lapis_ore":9,"minecraft:iron_leggings":3,"minecraft:beetroot":5,"minecraft:diamond_leggings":1,"minecraft:cobbled_deepslate":1167,"minecraft:bucket":1,"minecraft:calcite":51,"minecraft:iron_pickaxe":7,"minecraft:furnace":6,"minecraft:deepslate_iron_ore":13,"minecraft:iron_boots":5,"minecraft:stick":16,"minecraft:composter":3,"minecraft:oak_fence":3,"minecraft:torch":298,"minecraft:porkchop":62,"minecraft:diorite":15,"minecraft:stone_sword":2,"minecraft:rotten_flesh":5499,"minecraft:glowstone":10,"minecraft:white_terracotta":3,"minecraft:blaze_rod":3,"minecraft:cobblestone":655,"minecraft:birch_log":16,"minecraft:magma_block":1,"minecraft:feather":21,"minecraft:water_bucket":4,"minecraft:andesite":18,"minecraft:potato":65,"minecraft:flint":2,"minecraft:tuff":126,"minecraft:lapis_lazuli":156,"minecraft:dirt":615,"minecraft:bone":27,"minecraft:bow":6,"minecraft:wheat_seeds":125,"minecraft:raw_gold":17,"minecraft:bell":4,"minecraft:fletching_table":8,"minecraft:diamond_helmet":1,"minecraft:moss_block":3,"minecraft:oak_planks":143,"minecraft:ghast_tear":1,"minecraft:nether_brick_stairs":2,"minecraft:grass_block":2,"minecraft:barrel":1,"minecraft:mossy_cobblestone":85,"minecraft:clay":7,"minecraft:diamond":46,"minecraft:deepslate":1456,"minecraft:deepslate_gold_ore":34,"minecraft:granite":4,"minecraft:bread":82,"minecraft:emerald":1,"minecraft:oak_sapling":9,"minecraft:netherrack":11,"minecraft:oak_leaves":2,"minecraft:diamond_pickaxe":5,"minecraft:crafting_table":17,"minecraft:azure_bluet":1,"minecraft:nether_wart":40,"minecraft:chicken":22,"minecraft:ladder":36,"minecraft:clay_ball":10,"minecraft:wooden_pickaxe":1,"minecraft:diamond_horse_armor":1,"minecraft:shield":4,"minecraft:cornflower":3,"minecraft:iron_axe":3,"minecraft:iron_shovel":8,"minecraft:deepslate_diamond_ore":24,"minecraft:beef":130,"minecraft:oak_boat":24,"minecraft:poppy":1,"minecraft:light_gray_wool":2,"minecraft:lectern":259,"minecraft:sugar_cane":273,"minecraft:chest":5,"minecraft:egg":13,"minecraft:raw_iron":244,"minecraft:stone":35,"minecraft:carrot":1131,"minecraft:redstone":26,"minecraft:netherite_pickaxe":1,"minecraft:dark_oak_planks":4,"minecraft:arrow":92,"minecraft:diamond_chestplate":1,"minecraft:beetroot_seeds":15,"minecraft:diamond_boots":1,"minecraft:hay_block":57,"minecraft:saddle":1,"minecraft:glow_berries":1,"minecraft:mutton":34,"minecraft:crimson_slab":2,"minecraft:white_wool":15,"minecraft:oxeye_daisy":2,"minecraft:glow_ink_sac":4,"minecraft:leather":74,"minecraft:oak_log":199,"minecraft:lily_pad":3,"minecraft:yellow_bed":6,"minecraft:gunpowder":3,"minecraft:cobblestone_stairs":8,"minecraft:cooked_mutton":8,"minecraft:apple":16,"minecraft:iron_ingot":163,"minecraft:stone_pickaxe":1,"minecraft:iron_ore":26,"minecraft:stripped_oak_wood":1,"minecraft:soul_sand":40,"minecraft:iron_sword":4,"minecraft:book":4,"minecraft:oak_slab":5,"minecraft:pumpkin":54,"minecraft:dandelion":10,"minecraft:gravel":76,"minecraft:blast_furnace":2,"minecraft:white_bed":8,"minecraft:spider_eye":1,"minecraft:diamond_shovel":1,"minecraft:coal_ore":104,"minecraft:slime_ball":2,"minecraft:stone_axe":2,"minecraft:iron_helmet":3,"minecraft:gray_wool":2,"minecraft:coal":439,"minecraft:sunflower":1},"minecraft:dropped":{"minecraft:lapis_lazuli":39,"minecraft:cooked_beef":4,"minecraft:diamond":28,"minecraft:emerald":2,"minecraft:dirt":1,"minecraft:gravel":2,"minecraft:cobbled_deepslate":87,"minecraft:rotten_flesh":443,"minecraft:diamond_shovel":1,"minecraft:azure_bluet":1,"minecraft:carrot":809,"minecraft:coal_ore":65,"minecraft:beef":4,"minecraft:egg":2,"minecraft:water_bucket":1,"minecraft:iron_ingot":5,"minecraft:bread":26,"minecraft:cobblestone":1,"minecraft:book":3,"minecraft:coal":34,"minecraft:oxeye_daisy":2,"minecraft:torch":1,"minecraft:iron_shovel":1,"minecraft:paper":15,"minecraft:bucket":1,"minecraft:redstone":26,"minecraft:blaze_rod":1,"minecraft:raw_copper":1,"minecraft:tuff":9,"minecraft:raw_iron":82,"minecraft:stone_slab":5,"minecraft:blast_furnace":1,"minecraft:diamond_sword":3,"minecraft:potato":5,"minecraft:diamond_pickaxe":3,"minecraft:bow":1,"minecraft:raw_gold":16},"minecraft:killed_by":{"minecraft:piglin":1,"minecraft:blaze":1,"minecraft:zombie":1,"minecraft:player":1,"minecraft:enderman":1},"minecraft:mined":{"minecraft:dark_oak_planks":4,"minecraft:large_amethyst_bud":1,"minecraft:white_bed":11,"minecraft:cobblestone_stairs":8,"minecraft:cave_vines_plant":1,"minecraft:granite":4,"minecraft:grass_block":233,"minecraft:composter":3,"minecraft:nether_wart":20,"minecraft:oxeye_daisy":1,"minecraft:spawner":3,"minecraft:magma_block":2,"minecraft:glowstone":5,"minecraft:cobbled_deepslate":16,"minecraft:iron_ore":114,"minecraft:fire":8,"minecraft:barrel":1,"minecraft:pumpkin":34,"minecraft:fletching_table":7,"minecraft:deepslate_lapis_ore":18,"minecraft:azure_bluet":1,"minecraft:nether_brick_stairs":1,"minecraft:cave_vines":2,"minecraft:dirt_path":63,"minecraft:oak_stairs":5,"minecraft:deepslate_redstone_ore":7,"minecraft:clay":8,"minecraft:torch":18,"minecraft:blast_furnace":2,"minecraft:calcite":26,"minecraft:chest":5,"minecraft:cobblestone":265,"minecraft:sugar_cane":82,"minecraft:oak_planks":29,"minecraft:wall_torch":27,"minecraft:amethyst_block":4,"minecraft:white_terracotta":3,"minecraft:birch_log":10,"minecraft:wheat":36,"minecraft:stripped_oak_wood":1,"minecraft:grass":114,"minecraft:oak_log":147,"minecraft:beetroots":5,"minecraft:dirt":288,"minecraft:netherrack":4,"minecraft:oak_leaves":6,"minecraft:deepslate":3007,"minecraft:tuff":181,"minecraft:mossy_cobblestone":93,"minecraft:deepslate_diamond_ore":63,"minecraft:moss_block":4,"minecraft:hay_block":34,"minecraft:furnace":5,"minecraft:carrots":207,"minecraft:andesite":18,"minecraft:bell":3,"minecraft:bookshelf":1,"minecraft:potatoes":10,"minecraft:deepslate_iron_ore":114,"minecraft:stone":333,"minecraft:oak_slab":4,"minecraft:soul_sand":20,"minecraft:dandelion":8,"minecraft:oak_fence":3,"minecraft:crafting_table":16,"minecraft:cornflower":3,"minecraft:lectern":257,"minecraft:tall_grass":6,"minecraft:lapis_ore":4,"minecraft:deepslate_gold_ore":51,"minecraft:diorite":15,"minecraft:yellow_bed":10,"minecraft:coal_ore":337,"minecraft:sunflower":1,"minecraft:gravel":81,"minecraft:cobweb":28},"minecraft:used":{"minecraft:iron_shovel":412,"minecraft:ladder":24,"minecraft:chest":7,"minecraft:shield":78,"minecraft:stone":4,"minecraft:iron_sword":318,"minecraft:bell":1,"minecraft:iron_chestplate":1,"minecraft:carrot":267,"minecraft:tuff":4,"minecraft:bow":2,"minecraft:furnace":8,"minecraft:oak_sapling":1,"minecraft:egg":2,"minecraft:diorite":2,"minecraft:oak_planks":10,"minecraft:stone_pickaxe":146,"minecraft:wooden_pickaxe":58,"minecraft:blast_furnace":1,"minecraft:bread":102,"minecraft:lectern":259,"minecraft:deepslate":370,"minecraft:gravel":7,"minecraft:diamond_sword":199,"minecraft:grindstone":1,"minecraft:andesite":6,"minecraft:oak_boat":25,"minecraft:stone_sword":125,"minecraft:stone_shovel":131,"minecraft:cooked_chicken":2,"minecraft:oak_door":1,"minecraft:torch":626,"minecraft:brewing_stand":2,"minecraft:dirt":511,"minecraft:granite":3,"minecraft:wooden_axe":50,"minecraft:bookshelf":1,"minecraft:iron_axe":535,"minecraft:beef":6,"minecraft:netherite_pickaxe":80,"minecraft:cooked_beef":12,"minecraft:cobbled_deepslate":6,"minecraft:calcite":9,"minecraft:water_bucket":72,"minecraft:baked_potato":1,"minecraft:fletching_table":8,"minecraft:oak_slab":14,"minecraft:crafting_table":24,"minecraft:white_bed":8,"minecraft:oak_log":2,"minecraft:diamond_pickaxe":2164,"minecraft:apple":4,"minecraft:chicken":1,"minecraft:oak_button":24,"minecraft:iron_pickaxe":2373,"minecraft:stone_axe":142,"minecraft:cobblestone":152,"minecraft:porkchop":1,"minecraft:cooked_porkchop":8,"minecraft:bucket":73,"minecraft:yellow_bed":4},"minecraft:killed":{"minecraft:cave_spider":5,"minecraft:spider":2,"minecraft:skeleton":22,"minecraft:chicken":11,"minecraft:pig":24,"minecraft:zombie_villager":1,"minecraft:creeper":3,"minecraft:sheep":13,"minecraft:zombie":2795,"minecraft:ghast":1,"minecraft:cow":45,"minecraft:blaze":8,"minecraft:slime":4,"minecraft:enderman":1}},"DataVersion":3465}