{"stats":{"minecraft:used":{"minecraft:stone_sword":125,"minecraft:iron_shovel":347,"minecraft:chest":3,"minecraft:shield":54,"minecraft:iron_sword":149,"minecraft:bell":1,"minecraft:cooked_chicken":2,"minecraft:iron_chestplate":1,"minecraft:torch":389,"minecraft:dirt":318,"minecraft:carrot":54,"minecraft:granite":3,"minecraft:wooden_axe":38,"minecraft:iron_axe":178,"minecraft:furnace":5,"minecraft:cooked_beef":8,"minecraft:cobbled_deepslate":1,"minecraft:calcite":9,"minecraft:water_bucket":32,"minecraft:diorite":2,"minecraft:stone_pickaxe":63,"minecraft:wooden_pickaxe":28,"minecraft:fletching_table":8,"minecraft:oak_slab":6,"minecraft:crafting_table":14,"minecraft:blast_furnace":1,"minecraft:white_bed":3,"minecraft:oak_log":2,"minecraft:diamond_pickaxe":491,"minecraft:apple":4,"minecraft:bread":32,"minecraft:oak_button":24,"minecraft:iron_pickaxe":1857,"minecraft:lectern":2,"minecraft:deepslate":5,"minecraft:gravel":5,"minecraft:stone_axe":83,"minecraft:cobblestone":126,"minecraft:cooked_porkchop":8,"minecraft:andesite":2,"minecraft:bucket":33,"minecraft:yellow_bed":2,"minecraft:oak_boat":10},"minecraft:crafted":{"minecraft:oak_planks":156,"minecraft:cooked_chicken":2,"minecraft:furnace":2,"minecraft:iron_boots":2,"minecraft:iron_axe":1,"minecraft:stone_pickaxe":1,"minecraft:chest":2,"minecraft:oak_button":24,"minecraft:wheat":306,"minecraft:cooked_beef":12,"minecraft:oak_slab":6,"minecraft:emerald":1,"minecraft:cooked_porkchop":25,"minecraft:crafting_table":5,"minecraft:iron_helmet":2,"minecraft:wooden_pickaxe":1,"minecraft:iron_sword":2,"minecraft:bucket":1,"minecraft:birch_planks":16,"minecraft:stone_axe":1,"minecraft:bread":102,"minecraft:air":0,"minecraft:oak_boat":6,"minecraft:iron_chestplate":2,"minecraft:shield":2,"minecraft:stick":132,"minecraft:iron_ingot":127,"minecraft:iron_pickaxe":8,"minecraft:wooden_axe":1,"minecraft:iron_shovel":2,"minecraft:iron_leggings":2,"minecraft:white_bed":1,"minecraft:torch":400},"minecraft:custom":{"minecraft:mob_kills":114,"minecraft:interact_with_crafting_table":40,"minecraft:open_barrel":1,"minecraft:bell_ring":1,"minecraft:leave_game":5,"minecraft:time_since_death":221229,"minecraft:climb_one_cm":9200,"minecraft:sprint_one_cm":772601,"minecraft:walk_one_cm":1337072,"minecraft:damage_blocked_by_shield":1265,"minecraft:drop":34,"minecraft:talked_to_villager":25,"minecraft:play_time":385658,"minecraft:sneak_time":2092,"minecraft:deaths":3,"minecraft:walk_under_water_one_cm":4874,"minecraft:boat_one_cm":17216,"minecraft:jump":3585,"minecraft:interact_with_blast_furnace":6,"minecraft:walk_on_water_one_cm":23214,"minecraft:total_world_time":385658,"minecraft:interact_with_furnace":27,"minecraft:traded_with_villager":1,"minecraft:sleep_in_bed":10,"minecraft:time_since_rest":33833,"minecraft:damage_taken":2828,"minecraft:damage_dealt":13945,"minecraft:swim_one_cm":1489,"minecraft:fly_one_cm":760120,"minecraft:open_chest":27,"minecraft:crouch_one_cm":2170,"minecraft:fall_one_cm":69020},"minecraft:mined":{"minecraft:large_amethyst_bud":1,"minecraft:tuff":146,"minecraft:white_bed":6,"minecraft:mossy_cobblestone":50,"minecraft:deepslate_diamond_ore":38,"minecraft:cobblestone_stairs":8,"minecraft:granite":3,"minecraft:grass_block":128,"minecraft:composter":3,"minecraft:oxeye_daisy":1,"minecraft:spawner":1,"minecraft:hay_block":34,"minecraft:furnace":4,"minecraft:carrots":17,"minecraft:iron_ore":82,"minecraft:barrel":1,"minecraft:andesite":5,"minecraft:pumpkin":29,"minecraft:fletching_table":7,"minecraft:deepslate_lapis_ore":7,"minecraft:azure_bluet":1,"minecraft:bell":3,"minecraft:potatoes":7,"minecraft:deepslate_iron_ore":97,"minecraft:dirt_path":41,"minecraft:oak_stairs":5,"minecraft:stone":204,"minecraft:deepslate_redstone_ore":6,"minecraft:oak_slab":4,"minecraft:dandelion":8,"minecraft:oak_fence":3,"minecraft:crafting_table":9,"minecraft:cornflower":3,"minecraft:torch":13,"minecraft:blast_furnace":2,"minecraft:calcite":26,"minecraft:chest":2,"minecraft:lectern":1,"minecraft:tall_grass":4,"minecraft:cobblestone":148,"minecraft:lapis_ore":4,"minecraft:deepslate_gold_ore":16,"minecraft:diorite":6,"minecraft:wall_torch":15,"minecraft:amethyst_block":4,"minecraft:white_terracotta":3,"minecraft:birch_log":10,"minecraft:wheat":22,"minecraft:stripped_oak_wood":1,"minecraft:yellow_bed":8,"minecraft:grass":101,"minecraft:oak_log":80,"minecraft:coal_ore":159,"minecraft:beetroots":4,"minecraft:gravel":8,"minecraft:dirt":208,"minecraft:cobweb":11,"minecraft:oak_leaves":2,"minecraft:deepslate":1373},"minecraft:dropped":{"minecraft:iron_ingot":5,"minecraft:bread":26,"minecraft:lapis_lazuli":39,"minecraft:cooked_beef":4,"minecraft:diamond":27,"minecraft:coal":34,"minecraft:oxeye_daisy":2,"minecraft:torch":1,"minecraft:bucket":1,"minecraft:redstone":26,"minecraft:gravel":2,"minecraft:cobbled_deepslate":87,"minecraft:raw_copper":1,"minecraft:tuff":9,"minecraft:raw_iron":82,"minecraft:rotten_flesh":7,"minecraft:azure_bluet":1,"minecraft:blast_furnace":1,"minecraft:beef":4,"minecraft:raw_gold":16,"minecraft:egg":2},"minecraft:killed_by":{"minecraft:enderman":1,"minecraft:zombie":1},"minecraft:killed":{"minecraft:cave_spider":2,"minecraft:slime":4,"minecraft:skeleton":7,"minecraft:chicken":7,"minecraft:pig":19,"minecraft:zombie_villager":1,"minecraft:creeper":1,"minecraft:sheep":12,"minecraft:zombie":23,"minecraft:cow":33,"minecraft:enderman":1},"minecraft:broken":{"minecraft:iron_shovel":1,"minecraft:stone_sword":1,"minecraft:iron_pickaxe":6},"minecraft:picked_up":{"minecraft:wooden_axe":1,"minecraft:crafting_table":10,"minecraft:iron_chestplate":2,"minecraft:wheat":23,"minecraft:azure_bluet":1,"minecraft:chicken":12,"minecraft:wooden_pickaxe":1,"minecraft:oak_stairs":4,"minecraft:shield":2,"minecraft:amethyst_block":10,"minecraft:cornflower":3,"minecraft:string":12,"minecraft:raw_copper":1,"minecraft:iron_axe":1,"minecraft:iron_leggings":1,"minecraft:beetroot":4,"minecraft:cobbled_deepslate":643,"minecraft:bucket":1,"minecraft:beef":97,"minecraft:oak_boat":8,"minecraft:calcite":51,"minecraft:poppy":1,"minecraft:light_gray_wool":2,"minecraft:iron_pickaxe":4,"minecraft:lectern":2,"minecraft:chest":2,"minecraft:furnace":4,"minecraft:egg":9,"minecraft:iron_boots":1,"minecraft:stick":9,"minecraft:raw_iron":231,"minecraft:composter":3,"minecraft:oak_fence":3,"minecraft:torch":61,"minecraft:porkchop":49,"minecraft:diorite":6,"minecraft:carrot":60,"minecraft:redstone":26,"minecraft:stone_sword":2,"minecraft:arrow":22,"minecraft:rotten_flesh":34,"minecraft:beetroot_seeds":13,"minecraft:hay_block":57,"minecraft:white_terracotta":3,"minecraft:mutton":32,"minecraft:crimson_slab":2,"minecraft:white_wool":14,"minecraft:cobblestone":374,"minecraft:oxeye_daisy":2,"minecraft:birch_log":16,"minecraft:feather":12,"minecraft:andesite":5,"minecraft:leather":53,"minecraft:potato":28,"minecraft:tuff":92,"minecraft:oak_log":136,"minecraft:yellow_bed":3,"minecraft:cobblestone_stairs":8,"minecraft:lapis_lazuli":69,"minecraft:dirt":369,"minecraft:bone":12,"minecraft:apple":16,"minecraft:bow":2,"minecraft:wheat_seeds":82,"minecraft:raw_gold":16,"minecraft:bell":4,"minecraft:iron_ingot":83,"minecraft:stone_pickaxe":1,"minecraft:stripped_oak_wood":1,"minecraft:fletching_table":8,"minecraft:iron_sword":1,"minecraft:oak_planks":55,"minecraft:oak_slab":4,"minecraft:pumpkin":49,"minecraft:dandelion":10,"minecraft:gravel":7,"minecraft:blast_furnace":2,"minecraft:white_bed":3,"minecraft:barrel":1,"minecraft:mossy_cobblestone":49,"minecraft:slime_ball":2,"minecraft:deepslate":265,"minecraft:diamond":45,"minecraft:stone_axe":1,"minecraft:iron_helmet":1,"minecraft:granite":3,"minecraft:gray_wool":2,"minecraft:bread":33,"minecraft:oak_sapling":8,"minecraft:coal":309,"minecraft:diamond_pickaxe":1}},"DataVersion":3465}