{"stats":{"minecraft:used":{"minecraft:iron_shovel":412,"minecraft:ladder":24,"minecraft:chest":7,"minecraft:shield":78,"minecraft:stone":4,"minecraft:iron_sword":318,"minecraft:bell":1,"minecraft:iron_chestplate":1,"minecraft:carrot":267,"minecraft:tuff":4,"minecraft:furnace":8,"minecraft:oak_sapling":1,"minecraft:egg":2,"minecraft:diorite":2,"minecraft:oak_planks":10,"minecraft:stone_pickaxe":146,"minecraft:wooden_pickaxe":58,"minecraft:blast_furnace":1,"minecraft:bread":95,"minecraft:lectern":259,"minecraft:deepslate":370,"minecraft:gravel":7,"minecraft:diamond_sword":154,"minecraft:grindstone":1,"minecraft:andesite":6,"minecraft:oak_boat":22,"minecraft:stone_sword":125,"minecraft:stone_shovel":131,"minecraft:cooked_chicken":2,"minecraft:oak_door":1,"minecraft:torch":625,"minecraft:brewing_stand":2,"minecraft:dirt":509,"minecraft:granite":3,"minecraft:wooden_axe":50,"minecraft:bookshelf":1,"minecraft:iron_axe":511,"minecraft:beef":6,"minecraft:cooked_beef":12,"minecraft:cobbled_deepslate":6,"minecraft:calcite":9,"minecraft:water_bucket":72,"minecraft:fletching_table":8,"minecraft:oak_slab":14,"minecraft:crafting_table":23,"minecraft:white_bed":8,"minecraft:oak_log":2,"minecraft:diamond_pickaxe":2164,"minecraft:apple":4,"minecraft:chicken":1,"minecraft:oak_button":24,"minecraft:iron_pickaxe":2373,"minecraft:stone_axe":142,"minecraft:cobblestone":152,"minecraft:porkchop":1,"minecraft:cooked_porkchop":8,"minecraft:bucket":73,"minecraft:yellow_bed":4},"minecraft:crafted":{"minecraft:grindstone":1,"minecraft:oak_planks":396,"minecraft:cooked_chicken":2,"minecraft:stone":3,"minecraft:bookshelf":1,"minecraft:iron_boots":4,"minecraft:chest":3,"minecraft:oak_button":24,"minecraft:oak_slab":18,"minecraft:emerald":23,"minecraft:cooked_porkchop":25,"minecraft:crafting_table":8,"minecraft:wooden_pickaxe":2,"minecraft:iron_helmet":3,"minecraft:birch_planks":16,"minecraft:brewing_stand":2,"minecraft:charcoal":7,"minecraft:iron_chestplate":3,"minecraft:paper":15,"minecraft:diamond_pickaxe":2,"minecraft:shield":4,"minecraft:stick":184,"minecraft:stone_slab":6,"minecraft:iron_ingot":136,"minecraft:iron_pickaxe":11,"minecraft:oak_door":3,"minecraft:stone_shovel":1,"minecraft:furnace":5,"minecraft:iron_axe":4,"minecraft:stone_pickaxe":2,"minecraft:wheat":306,"minecraft:cooked_beef":19,"minecraft:diamond_sword":3,"minecraft:iron_sword":3,"minecraft:bucket":1,"minecraft:stone_axe":2,"minecraft:enchanted_book":1,"minecraft:bread":102,"minecraft:air":0,"minecraft:oak_boat":7,"minecraft:wooden_axe":2,"minecraft:iron_shovel":2,"minecraft:iron_leggings":3,"minecraft:white_bed":1,"minecraft:torch":460},"minecraft:custom":{"minecraft:interact_with_crafting_table":75,"minecraft:open_barrel":4,"minecraft:bell_ring":1,"minecraft:leave_game":18,"minecraft:time_since_death":269723,"minecraft:sprint_one_cm":1626445,"minecraft:damage_blocked_by_shield":1745,"minecraft:drop":82,"minecraft:talked_to_villager":387,"minecraft:play_time":1396727,"minecraft:deaths":7,"minecraft:jump":7408,"minecraft:walk_on_water_one_cm":110988,"minecraft:enchant_item":14,"minecraft:interact_with_furnace":45,"minecraft:traded_with_villager":26,"minecraft:sleep_in_bed":19,"minecraft:damage_dealt":21985,"minecraft:crouch_one_cm":11291,"minecraft:mob_kills":2495,"minecraft:interact_with_anvil":1,"minecraft:climb_one_cm":217066,"minecraft:walk_one_cm":2420325,"minecraft:sneak_time":4485,"minecraft:walk_under_water_one_cm":39585,"minecraft:boat_one_cm":120542,"minecraft:interact_with_blast_furnace":7,"minecraft:total_world_time":1396727,"minecraft:interact_with_grindstone":6,"minecraft:time_since_rest":269766,"minecraft:damage_taken":6223,"minecraft:swim_one_cm":10776,"minecraft:fly_one_cm":1646340,"minecraft:open_chest":201,"minecraft:fall_one_cm":133603},"minecraft:mined":{"minecraft:large_amethyst_bud":1,"minecraft:white_bed":11,"minecraft:cobblestone_stairs":8,"minecraft:cave_vines_plant":1,"minecraft:granite":4,"minecraft:grass_block":227,"minecraft:composter":3,"minecraft:nether_wart":20,"minecraft:oxeye_daisy":1,"minecraft:spawner":3,"minecraft:magma_block":2,"minecraft:glowstone":5,"minecraft:cobbled_deepslate":16,"minecraft:iron_ore":113,"minecraft:fire":8,"minecraft:barrel":1,"minecraft:pumpkin":29,"minecraft:fletching_table":7,"minecraft:deepslate_lapis_ore":18,"minecraft:azure_bluet":1,"minecraft:nether_brick_stairs":1,"minecraft:cave_vines":2,"minecraft:dirt_path":63,"minecraft:oak_stairs":5,"minecraft:deepslate_redstone_ore":7,"minecraft:clay":8,"minecraft:torch":18,"minecraft:blast_furnace":2,"minecraft:calcite":26,"minecraft:chest":5,"minecraft:cobblestone":265,"minecraft:sugar_cane":81,"minecraft:oak_planks":29,"minecraft:wall_torch":27,"minecraft:amethyst_block":4,"minecraft:white_terracotta":3,"minecraft:birch_log":10,"minecraft:wheat":36,"minecraft:stripped_oak_wood":1,"minecraft:grass":111,"minecraft:oak_log":135,"minecraft:beetroots":5,"minecraft:dirt":287,"minecraft:netherrack":4,"minecraft:oak_leaves":6,"minecraft:deepslate":3007,"minecraft:tuff":181,"minecraft:mossy_cobblestone":93,"minecraft:deepslate_diamond_ore":63,"minecraft:moss_block":4,"minecraft:hay_block":34,"minecraft:furnace":5,"minecraft:carrots":207,"minecraft:andesite":18,"minecraft:bell":3,"minecraft:bookshelf":1,"minecraft:potatoes":10,"minecraft:deepslate_iron_ore":114,"minecraft:stone":315,"minecraft:oak_slab":4,"minecraft:soul_sand":20,"minecraft:dandelion":8,"minecraft:oak_fence":3,"minecraft:crafting_table":15,"minecraft:cornflower":3,"minecraft:lectern":257,"minecraft:tall_grass":6,"minecraft:lapis_ore":4,"minecraft:deepslate_gold_ore":51,"minecraft:diorite":15,"minecraft:yellow_bed":10,"minecraft:coal_ore":282,"minecraft:sunflower":1,"minecraft:gravel":81,"minecraft:cobweb":28},"minecraft:dropped":{"minecraft:lapis_lazuli":39,"minecraft:cooked_beef":4,"minecraft:diamond":28,"minecraft:emerald":2,"minecraft:dirt":1,"minecraft:gravel":2,"minecraft:cobbled_deepslate":87,"minecraft:rotten_flesh":443,"minecraft:diamond_shovel":1,"minecraft:azure_bluet":1,"minecraft:carrot":809,"minecraft:coal_ore":65,"minecraft:beef":4,"minecraft:egg":2,"minecraft:water_bucket":1,"minecraft:iron_ingot":5,"minecraft:bread":26,"minecraft:cobblestone":1,"minecraft:book":3,"minecraft:coal":34,"minecraft:oxeye_daisy":2,"minecraft:torch":1,"minecraft:iron_shovel":1,"minecraft:paper":15,"minecraft:bucket":1,"minecraft:redstone":26,"minecraft:blaze_rod":1,"minecraft:raw_copper":1,"minecraft:tuff":9,"minecraft:raw_iron":82,"minecraft:stone_slab":5,"minecraft:blast_furnace":1,"minecraft:diamond_sword":2,"minecraft:potato":5,"minecraft:diamond_pickaxe":3,"minecraft:bow":1,"minecraft:raw_gold":16},"minecraft:killed_by":{"minecraft:piglin":1,"minecraft:blaze":1,"minecraft:zombie":1,"minecraft:player":1,"minecraft:enderman":1},"minecraft:killed":{"minecraft:cave_spider":5,"minecraft:spider":1,"minecraft:skeleton":22,"minecraft:chicken":11,"minecraft:pig":20,"minecraft:zombie_villager":1,"minecraft:creeper":2,"minecraft:sheep":13,"minecraft:zombie":2357,"minecraft:ghast":1,"minecraft:cow":39,"minecraft:blaze":8,"minecraft:slime":4,"minecraft:enderman":1},"minecraft:broken":{"minecraft:iron_shovel":1,"minecraft:stone_axe":1,"minecraft:stone_shovel":1,"minecraft:stone_sword":1,"minecraft:iron_axe":1,"minecraft:iron_pickaxe":8},"minecraft:picked_up":{"minecraft:wooden_axe":1,"minecraft:wheat":37,"minecraft:iron_chestplate":4,"minecraft:diamond_sword":5,"minecraft:oak_stairs":4,"minecraft:enchanted_book":2,"minecraft:amethyst_block":10,"minecraft:string":36,"minecraft:raw_copper":1,"minecraft:deepslate_lapis_ore":9,"minecraft:iron_leggings":3,"minecraft:beetroot":5,"minecraft:diamond_leggings":1,"minecraft:cobbled_deepslate":1167,"minecraft:bucket":1,"minecraft:calcite":51,"minecraft:iron_pickaxe":7,"minecraft:furnace":6,"minecraft:deepslate_iron_ore":13,"minecraft:iron_boots":5,"minecraft:stick":16,"minecraft:composter":3,"minecraft:oak_fence":3,"minecraft:torch":298,"minecraft:porkchop":50,"minecraft:diorite":15,"minecraft:stone_sword":2,"minecraft:rotten_flesh":5006,"minecraft:glowstone":10,"minecraft:white_terracotta":3,"minecraft:blaze_rod":3,"minecraft:cobblestone":637,"minecraft:birch_log":16,"minecraft:magma_block":1,"minecraft:feather":21,"minecraft:water_bucket":4,"minecraft:andesite":18,"minecraft:potato":63,"minecraft:flint":2,"minecraft:tuff":126,"minecraft:lapis_lazuli":156,"minecraft:dirt":608,"minecraft:bone":27,"minecraft:bow":5,"minecraft:wheat_seeds":125,"minecraft:raw_gold":17,"minecraft:bell":4,"minecraft:fletching_table":8,"minecraft:diamond_helmet":1,"minecraft:moss_block":3,"minecraft:oak_planks":143,"minecraft:ghast_tear":1,"minecraft:nether_brick_stairs":2,"minecraft:grass_block":2,"minecraft:barrel":1,"minecraft:mossy_cobblestone":85,"minecraft:clay":7,"minecraft:diamond":46,"minecraft:deepslate":1456,"minecraft:deepslate_gold_ore":34,"minecraft:granite":4,"minecraft:bread":82,"minecraft:emerald":1,"minecraft:oak_sapling":9,"minecraft:netherrack":11,"minecraft:oak_leaves":2,"minecraft:diamond_pickaxe":5,"minecraft:crafting_table":16,"minecraft:azure_bluet":1,"minecraft:nether_wart":40,"minecraft:chicken":22,"minecraft:ladder":36,"minecraft:clay_ball":10,"minecraft:wooden_pickaxe":1,"minecraft:diamond_horse_armor":1,"minecraft:shield":4,"minecraft:cornflower":3,"minecraft:iron_axe":3,"minecraft:iron_shovel":8,"minecraft:deepslate_diamond_ore":24,"minecraft:beef":110,"minecraft:oak_boat":21,"minecraft:poppy":1,"minecraft:light_gray_wool":2,"minecraft:lectern":259,"minecraft:sugar_cane":270,"minecraft:chest":5,"minecraft:egg":13,"minecraft:raw_iron":240,"minecraft:stone":35,"minecraft:carrot":1129,"minecraft:redstone":26,"minecraft:arrow":51,"minecraft:diamond_chestplate":1,"minecraft:beetroot_seeds":15,"minecraft:diamond_boots":1,"minecraft:hay_block":57,"minecraft:saddle":1,"minecraft:glow_berries":1,"minecraft:mutton":34,"minecraft:crimson_slab":2,"minecraft:white_wool":15,"minecraft:oxeye_daisy":2,"minecraft:glow_ink_sac":4,"minecraft:leather":59,"minecraft:oak_log":187,"minecraft:yellow_bed":6,"minecraft:gunpowder":1,"minecraft:cobblestone_stairs":8,"minecraft:cooked_mutton":8,"minecraft:apple":16,"minecraft:iron_ingot":157,"minecraft:stone_pickaxe":1,"minecraft:iron_ore":26,"minecraft:stripped_oak_wood":1,"minecraft:soul_sand":40,"minecraft:iron_sword":3,"minecraft:book":4,"minecraft:oak_slab":5,"minecraft:pumpkin":49,"minecraft:dandelion":10,"minecraft:gravel":76,"minecraft:blast_furnace":2,"minecraft:white_bed":8,"minecraft:diamond_shovel":1,"minecraft:coal_ore":104,"minecraft:slime_ball":2,"minecraft:stone_axe":2,"minecraft:iron_helmet":3,"minecraft:gray_wool":2,"minecraft:coal":323,"minecraft:sunflower":1}},"DataVersion":3465}