{
  "minecraft:recipes/misc/charcoal": {
    "criteria": {
      "has_log": "2024-06-14 02:18:35 +0000"
    },
    "done": true
  },
  "minecraft:recipes/decorations/crafting_table": {
    "criteria": {
      "unlock_right_away": "2024-06-14 02:18:18 +0000"
    },
    "done": true
  },
  "minecraft:recipes/building_blocks/oak_planks": {
    "criteria": {
      "has_logs": "2024-06-14 02:18:35 +0000"
    },
    "done": true
  },
  "minecraft:adventure/adventuring_time": {
    "criteria": {
      "minecraft:beach": "2024-06-14 02:18:22 +0000",
      "minecraft:plains": "2024-06-14 02:18:19 +0000"
    },
    "done": false
  },
  "minecraft:recipes/building_blocks/oak_wood": {
    "criteria": {
      "has_log": "2024-06-14 02:18:35 +0000"
    },
    "done": true
  },
  "DataVersion": 3465
}